solid OpenSCAD_Model
  facet normal 0.987689 -0.156431 0
    outer loop
      vertex 9.78148 -2.07912 12
      vertex 9.94522 -1.04528 0.5
      vertex 9.94522 -1.04528 12
    endloop
  endfacet
  facet normal 0.987689 -0.156431 0
    outer loop
      vertex 9.94522 -1.04528 0.5
      vertex 9.78148 -2.07912 12
      vertex 9.78148 -2.07912 0.5
    endloop
  endfacet
  facet normal 0.987689 0.156431 0
    outer loop
      vertex 9.94522 1.04528 12
      vertex 9.78148 2.07912 0.5
      vertex 9.78148 2.07912 12
    endloop
  endfacet
  facet normal 0.987689 0.156431 0
    outer loop
      vertex 9.78148 2.07912 0.5
      vertex 9.94522 1.04528 12
      vertex 9.94522 1.04528 0.5
    endloop
  endfacet
  facet normal 0.99863 0.0523352 0
    outer loop
      vertex 10 0 12
      vertex 9.94522 1.04528 0.5
      vertex 9.94522 1.04528 12
    endloop
  endfacet
  facet normal 0.99863 0.0523352 0
    outer loop
      vertex 9.94522 1.04528 0.5
      vertex 10 0 12
      vertex 10 0 0.5
    endloop
  endfacet
  facet normal 0.965923 0.258828 0
    outer loop
      vertex 9.78148 2.07912 12
      vertex 9.51056 3.09017 0.5
      vertex 9.51056 3.09017 12
    endloop
  endfacet
  facet normal 0.965923 0.258828 0
    outer loop
      vertex 9.51056 3.09017 0.5
      vertex 9.78148 2.07912 12
      vertex 9.78148 2.07912 0.5
    endloop
  endfacet
  facet normal 0.838672 0.544637 0
    outer loop
      vertex 8.66025 5 12
      vertex 8.09017 5.87785 0.5
      vertex 8.09017 5.87785 12
    endloop
  endfacet
  facet normal 0.838672 0.544637 0
    outer loop
      vertex 8.09017 5.87785 0.5
      vertex 8.66025 5 12
      vertex 8.66025 5 0.5
    endloop
  endfacet
  facet normal -0.0523352 0.99863 0
    outer loop
      vertex 0 10 0.5
      vertex -1.04528 9.94522 12
      vertex 0 10 12
    endloop
  endfacet
  facet normal -0.0523352 0.99863 0
    outer loop
      vertex -1.04528 9.94522 12
      vertex 0 10 0.5
      vertex -1.04528 9.94522 0.5
    endloop
  endfacet
  facet normal 0.99863 -0.0523352 0
    outer loop
      vertex 9.94522 -1.04528 12
      vertex 10 0 0.5
      vertex 10 0 12
    endloop
  endfacet
  facet normal 0.99863 -0.0523352 0
    outer loop
      vertex 10 0 0.5
      vertex 9.94522 -1.04528 12
      vertex 9.94522 -1.04528 0.5
    endloop
  endfacet
  facet normal 0.777149 0.629316 0
    outer loop
      vertex 8.09017 5.87785 12
      vertex 7.43145 6.69131 0.5
      vertex 7.43145 6.69131 12
    endloop
  endfacet
  facet normal 0.777149 0.629316 0
    outer loop
      vertex 7.43145 6.69131 0.5
      vertex 8.09017 5.87785 12
      vertex 8.09017 5.87785 0.5
    endloop
  endfacet
  facet normal -0.987689 -0.156431 0
    outer loop
      vertex -9.78148 -2.07912 0.5
      vertex -9.94522 -1.04528 12
      vertex -9.94522 -1.04528 0.5
    endloop
  endfacet
  facet normal -0.987689 -0.156431 0
    outer loop
      vertex -9.94522 -1.04528 12
      vertex -9.78148 -2.07912 0.5
      vertex -9.78148 -2.07912 12
    endloop
  endfacet
  facet normal -0.891006 0.453991 0
    outer loop
      vertex -9.13545 4.06737 0.5
      vertex -8.66025 5 12
      vertex -8.66025 5 0.5
    endloop
  endfacet
  facet normal -0.891006 0.453991 0
    outer loop
      vertex -8.66025 5 12
      vertex -9.13545 4.06737 0.5
      vertex -9.13545 4.06737 12
    endloop
  endfacet
  facet normal 0.258828 0.965923 -0
    outer loop
      vertex 3.09017 9.51056 0.5
      vertex 2.07912 9.78148 12
      vertex 3.09017 9.51056 12
    endloop
  endfacet
  facet normal 0.258828 0.965923 0
    outer loop
      vertex 2.07912 9.78148 12
      vertex 3.09017 9.51056 0.5
      vertex 2.07912 9.78148 0.5
    endloop
  endfacet
  facet normal 0.358366 0.933581 -0
    outer loop
      vertex 4.06737 9.13545 0.5
      vertex 3.09017 9.51056 12
      vertex 4.06737 9.13545 12
    endloop
  endfacet
  facet normal 0.358366 0.933581 0
    outer loop
      vertex 3.09017 9.51056 12
      vertex 4.06737 9.13545 0.5
      vertex 3.09017 9.51056 0.5
    endloop
  endfacet
  facet normal -0.965923 -0.258828 0
    outer loop
      vertex -9.51056 -3.09017 0.5
      vertex -9.78148 -2.07912 12
      vertex -9.78148 -2.07912 0.5
    endloop
  endfacet
  facet normal -0.965923 -0.258828 0
    outer loop
      vertex -9.78148 -2.07912 12
      vertex -9.51056 -3.09017 0.5
      vertex -9.51056 -3.09017 12
    endloop
  endfacet
  facet normal 0.629316 0.777149 -0
    outer loop
      vertex 6.69131 7.43145 0.5
      vertex 5.87785 8.09017 12
      vertex 6.69131 7.43145 12
    endloop
  endfacet
  facet normal 0.629316 0.777149 0
    outer loop
      vertex 5.87785 8.09017 12
      vertex 6.69131 7.43145 0.5
      vertex 5.87785 8.09017 0.5
    endloop
  endfacet
  facet normal 0.358366 -0.933581 0
    outer loop
      vertex 3.09017 -9.51056 0.5
      vertex 4.06737 -9.13545 12
      vertex 3.09017 -9.51056 12
    endloop
  endfacet
  facet normal 0.358366 -0.933581 0
    outer loop
      vertex 4.06737 -9.13545 12
      vertex 3.09017 -9.51056 0.5
      vertex 4.06737 -9.13545 0.5
    endloop
  endfacet
  facet normal -0.777149 0.629316 0
    outer loop
      vertex -8.09017 5.87785 0.5
      vertex -7.43145 6.69131 12
      vertex -7.43145 6.69131 0.5
    endloop
  endfacet
  facet normal -0.777149 0.629316 0
    outer loop
      vertex -7.43145 6.69131 12
      vertex -8.09017 5.87785 0.5
      vertex -8.09017 5.87785 12
    endloop
  endfacet
  facet normal -0.258828 0.965923 0
    outer loop
      vertex -2.07912 9.78148 0.5
      vertex -3.09017 9.51056 12
      vertex -2.07912 9.78148 12
    endloop
  endfacet
  facet normal -0.258828 0.965923 0
    outer loop
      vertex -3.09017 9.51056 12
      vertex -2.07912 9.78148 0.5
      vertex -3.09017 9.51056 0.5
    endloop
  endfacet
  facet normal -0.707107 0.707107 0
    outer loop
      vertex -7.43145 6.69131 0.5
      vertex -6.69131 7.43145 12
      vertex -6.69131 7.43145 0.5
    endloop
  endfacet
  facet normal -0.707107 0.707107 0
    outer loop
      vertex -6.69131 7.43145 12
      vertex -7.43145 6.69131 0.5
      vertex -7.43145 6.69131 12
    endloop
  endfacet
  facet normal -0.544637 0.838672 0
    outer loop
      vertex -5 8.66025 0.5
      vertex -5.87785 8.09017 12
      vertex -5 8.66025 12
    endloop
  endfacet
  facet normal -0.544637 0.838672 0
    outer loop
      vertex -5.87785 8.09017 12
      vertex -5 8.66025 0.5
      vertex -5.87785 8.09017 0.5
    endloop
  endfacet
  facet normal 0.965923 -0.258828 0
    outer loop
      vertex 9.51056 -3.09017 12
      vertex 9.78148 -2.07912 0.5
      vertex 9.78148 -2.07912 12
    endloop
  endfacet
  facet normal 0.965923 -0.258828 0
    outer loop
      vertex 9.78148 -2.07912 0.5
      vertex 9.51056 -3.09017 12
      vertex 9.51056 -3.09017 0.5
    endloop
  endfacet
  facet normal 0.0523352 -0.99863 0
    outer loop
      vertex 0 -10 0.5
      vertex 1.04528 -9.94522 12
      vertex 0 -10 12
    endloop
  endfacet
  facet normal 0.0523352 -0.99863 0
    outer loop
      vertex 1.04528 -9.94522 12
      vertex 0 -10 0.5
      vertex 1.04528 -9.94522 0.5
    endloop
  endfacet
  facet normal 0.544637 0.838672 -0
    outer loop
      vertex 5.87785 8.09017 0.5
      vertex 5 8.66025 12
      vertex 5.87785 8.09017 12
    endloop
  endfacet
  facet normal 0.544637 0.838672 0
    outer loop
      vertex 5 8.66025 12
      vertex 5.87785 8.09017 0.5
      vertex 5 8.66025 0.5
    endloop
  endfacet
  facet normal -0.838672 -0.544637 0
    outer loop
      vertex -8.09017 -5.87785 0.5
      vertex -8.66025 -5 12
      vertex -8.66025 -5 0.5
    endloop
  endfacet
  facet normal -0.838672 -0.544637 0
    outer loop
      vertex -8.66025 -5 12
      vertex -8.09017 -5.87785 0.5
      vertex -8.09017 -5.87785 12
    endloop
  endfacet
  facet normal 0.156431 -0.987689 0
    outer loop
      vertex 1.04528 -9.94522 0.5
      vertex 2.07912 -9.78148 12
      vertex 1.04528 -9.94522 12
    endloop
  endfacet
  facet normal 0.156431 -0.987689 0
    outer loop
      vertex 2.07912 -9.78148 12
      vertex 1.04528 -9.94522 0.5
      vertex 2.07912 -9.78148 0.5
    endloop
  endfacet
  facet normal -0.453991 -0.891006 0
    outer loop
      vertex -5 -8.66025 0.5
      vertex -4.06737 -9.13545 12
      vertex -5 -8.66025 12
    endloop
  endfacet
  facet normal -0.453991 -0.891006 -0
    outer loop
      vertex -4.06737 -9.13545 12
      vertex -5 -8.66025 0.5
      vertex -4.06737 -9.13545 0.5
    endloop
  endfacet
  facet normal -0 0 1
    outer loop
      vertex -4.31498 4.78543 12
      vertex -0.699997 2.29369 12
      vertex -4.16313 5.08346 12
    endloop
  endfacet
  facet normal 0 0 1
    outer loop
      vertex -0.699997 -2.29369 12
      vertex -4.07655 -5.40656 12
      vertex -4.05905 -5.74059 12
    endloop
  endfacet
  facet normal -0 0 1
    outer loop
      vertex -4.52548 4.52548 12
      vertex -0.699997 2.29369 12
      vertex -4.31498 4.78543 12
    endloop
  endfacet
  facet normal 0 0 1
    outer loop
      vertex -0.699997 -2.29369 12
      vertex -4.16313 -5.08346 12
      vertex -4.07655 -5.40656 12
    endloop
  endfacet
  facet normal -0 0 1
    outer loop
      vertex -4.78543 4.31498 12
      vertex -0.699997 2.29369 12
      vertex -4.52548 4.52548 12
    endloop
  endfacet
  facet normal 0 0 1
    outer loop
      vertex -0.699997 -2.29369 12
      vertex -4.31498 -4.78543 12
      vertex -4.16313 -5.08346 12
    endloop
  endfacet
  facet normal -0 0 1
    outer loop
      vertex -5.08346 4.16313 12
      vertex -0.699997 2.29369 12
      vertex -4.78543 4.31498 12
    endloop
  endfacet
  facet normal 0 0 1
    outer loop
      vertex -0.699997 -2.29369 12
      vertex -4.52548 -4.52548 12
      vertex -4.31498 -4.78543 12
    endloop
  endfacet
  facet normal -0 0 1
    outer loop
      vertex -5.40656 4.07655 12
      vertex -0.699997 2.29369 12
      vertex -5.08346 4.16313 12
    endloop
  endfacet
  facet normal 0 0 1
    outer loop
      vertex -0.699997 -2.29369 12
      vertex -4.78543 -4.31498 12
      vertex -4.52548 -4.52548 12
    endloop
  endfacet
  facet normal 0 0 1
    outer loop
      vertex -0.699997 2.29369 12
      vertex -5.40656 4.07655 12
      vertex -0.699997 -2.29369 12
    endloop
  endfacet
  facet normal 0 0 1
    outer loop
      vertex -0.699997 -2.29369 12
      vertex -5.08346 -4.16313 12
      vertex -4.78543 -4.31498 12
    endloop
  endfacet
  facet normal 0 0 1
    outer loop
      vertex -5.40656 -4.07655 12
      vertex -0.699997 -2.29369 12
      vertex -5.40656 4.07655 12
    endloop
  endfacet
  facet normal 0 0 1
    outer loop
      vertex -0.699997 -2.29369 12
      vertex -5.40656 -4.07655 12
      vertex -5.08346 -4.16313 12
    endloop
  endfacet
  facet normal -0 0 1
    outer loop
      vertex -5.74059 4.05905 12
      vertex -5.40656 -4.07655 12
      vertex -5.40656 4.07655 12
    endloop
  endfacet
  facet normal 0 0 1
    outer loop
      vertex -5.74059 4.05905 12
      vertex -5.74059 -4.05905 12
      vertex -5.40656 -4.07655 12
    endloop
  endfacet
  facet normal 0 0 1
    outer loop
      vertex -9.94522 1.04528 12
      vertex -5.74059 4.05905 12
      vertex -6.07096 4.11137 12
    endloop
  endfacet
  facet normal 0 0 1
    outer loop
      vertex -5.74059 4.05905 12
      vertex -10 0 12
      vertex -5.74059 -4.05905 12
    endloop
  endfacet
  facet normal 0 0 1
    outer loop
      vertex -9.78148 2.07912 12
      vertex -6.07096 4.11137 12
      vertex -6.38324 4.23124 12
    endloop
  endfacet
  facet normal -0 -0 1
    outer loop
      vertex -9.94522 -1.04528 12
      vertex -5.74059 -4.05905 12
      vertex -10 0 12
    endloop
  endfacet
  facet normal 0 0 1
    outer loop
      vertex -9.51056 3.09017 12
      vertex -6.38324 4.23124 12
      vertex -6.66377 4.41342 12
    endloop
  endfacet
  facet normal 0 0 1
    outer loop
      vertex -5.74059 -4.05905 12
      vertex -9.94522 -1.04528 12
      vertex -6.07096 -4.11137 12
    endloop
  endfacet
  facet normal 0 0 1
    outer loop
      vertex -9.13545 4.06737 12
      vertex -6.66377 4.41342 12
      vertex -6.90029 4.64994 12
    endloop
  endfacet
  facet normal -0 -0 1
    outer loop
      vertex -9.78148 -2.07912 12
      vertex -6.07096 -4.11137 12
      vertex -9.94522 -1.04528 12
    endloop
  endfacet
  facet normal 0 0 1
    outer loop
      vertex -8.66025 5 12
      vertex -6.90029 4.64994 12
      vertex -7.08246 4.93047 12
    endloop
  endfacet
  facet normal 0 0 1
    outer loop
      vertex -6.07096 -4.11137 12
      vertex -9.78148 -2.07912 12
      vertex -6.38324 -4.23124 12
    endloop
  endfacet
  facet normal -0 0 1
    outer loop
      vertex -8.66025 5 12
      vertex -7.08246 4.93047 12
      vertex -7.20234 5.24274 12
    endloop
  endfacet
  facet normal -0 -0 1
    outer loop
      vertex -9.51056 -3.09017 12
      vertex -6.38324 -4.23124 12
      vertex -9.78148 -2.07912 12
    endloop
  endfacet
  facet normal 0 0 1
    outer loop
      vertex -8.09017 5.87785 12
      vertex -7.20234 5.24274 12
      vertex -7.25466 5.57312 12
    endloop
  endfacet
  facet normal 0 0 1
    outer loop
      vertex -6.38324 -4.23124 12
      vertex -9.51056 -3.09017 12
      vertex -6.66377 -4.41342 12
    endloop
  endfacet
  facet normal 0 0 1
    outer loop
      vertex -1.04528 -9.94522 12
      vertex -4.11137 -6.07096 12
      vertex -2.07912 -9.78148 12
    endloop
  endfacet
  facet normal -0 0 1
    outer loop
      vertex -4.23124 -6.38324 12
      vertex -2.07912 -9.78148 12
      vertex -4.11137 -6.07096 12
    endloop
  endfacet
  facet normal 0 0 1
    outer loop
      vertex -2.07912 -9.78148 12
      vertex -4.23124 -6.38324 12
      vertex -3.09017 -9.51056 12
    endloop
  endfacet
  facet normal -0 0 1
    outer loop
      vertex -4.41342 -6.66377 12
      vertex -3.09017 -9.51056 12
      vertex -4.23124 -6.38324 12
    endloop
  endfacet
  facet normal 0 0 1
    outer loop
      vertex -3.09017 -9.51056 12
      vertex -4.41342 -6.66377 12
      vertex -4.06737 -9.13545 12
    endloop
  endfacet
  facet normal -0 0 1
    outer loop
      vertex -4.64994 -6.90029 12
      vertex -4.06737 -9.13545 12
      vertex -4.41342 -6.66377 12
    endloop
  endfacet
  facet normal 0 0 1
    outer loop
      vertex -5 -8.66025 12
      vertex -4.64994 -6.90029 12
      vertex -4.93047 -7.08246 12
    endloop
  endfacet
  facet normal 0 0 1
    outer loop
      vertex -4.64994 -6.90029 12
      vertex -5 -8.66025 12
      vertex -4.06737 -9.13545 12
    endloop
  endfacet
  facet normal -0 0 1
    outer loop
      vertex -5.24274 -7.20234 12
      vertex -5 -8.66025 12
      vertex -4.93047 -7.08246 12
    endloop
  endfacet
  facet normal 0 0 1
    outer loop
      vertex -5.87785 -8.09017 12
      vertex -5.24274 -7.20234 12
      vertex -5.57312 -7.25466 12
    endloop
  endfacet
  facet normal 0 0 1
    outer loop
      vertex -5.24274 -7.20234 12
      vertex -5.87785 -8.09017 12
      vertex -5 -8.66025 12
    endloop
  endfacet
  facet normal 0 0 1
    outer loop
      vertex -5.90715 -7.23715 12
      vertex -5.87785 -8.09017 12
      vertex -5.57312 -7.25466 12
    endloop
  endfacet
  facet normal 0 0 1
    outer loop
      vertex -6.23024 -7.15058 12
      vertex -5.87785 -8.09017 12
      vertex -5.90715 -7.23715 12
    endloop
  endfacet
  facet normal 0 0 1
    outer loop
      vertex -6.69131 -7.43145 12
      vertex -6.23024 -7.15058 12
      vertex -6.52828 -6.99873 12
    endloop
  endfacet
  facet normal 0 0 1
    outer loop
      vertex -6.23024 -7.15058 12
      vertex -6.69131 -7.43145 12
      vertex -5.87785 -8.09017 12
    endloop
  endfacet
  facet normal 0 0 1
    outer loop
      vertex -6.78822 -6.78822 12
      vertex -6.69131 -7.43145 12
      vertex -6.52828 -6.99873 12
    endloop
  endfacet
  facet normal -0 0 1
    outer loop
      vertex -7.43145 -6.69131 12
      vertex -6.78822 -6.78822 12
      vertex -6.99873 -6.52828 12
    endloop
  endfacet
  facet normal 0 0 1
    outer loop
      vertex -7.43145 -6.69131 12
      vertex -6.99873 -6.52828 12
      vertex -7.15058 -6.23024 12
    endloop
  endfacet
  facet normal 0 0 1
    outer loop
      vertex -6.78822 -6.78822 12
      vertex -7.43145 -6.69131 12
      vertex -6.69131 -7.43145 12
    endloop
  endfacet
  facet normal 0 0 1
    outer loop
      vertex -8.09017 -5.87785 12
      vertex -7.15058 -6.23024 12
      vertex -7.23715 -5.90715 12
    endloop
  endfacet
  facet normal -0 0 1
    outer loop
      vertex -8.09017 -5.87785 12
      vertex -7.23715 -5.90715 12
      vertex -7.25466 -5.57312 12
    endloop
  endfacet
  facet normal 0 0 1
    outer loop
      vertex -7.20234 5.24274 12
      vertex -8.09017 5.87785 12
      vertex -8.66025 5 12
    endloop
  endfacet
  facet normal 0 0 1
    outer loop
      vertex -6.90029 4.64994 12
      vertex -8.66025 5 12
      vertex -9.13545 4.06737 12
    endloop
  endfacet
  facet normal 0 0 1
    outer loop
      vertex -7.15058 -6.23024 12
      vertex -8.09017 -5.87785 12
      vertex -7.43145 -6.69131 12
    endloop
  endfacet
  facet normal 0 0 1
    outer loop
      vertex -6.66377 4.41342 12
      vertex -9.13545 4.06737 12
      vertex -9.51056 3.09017 12
    endloop
  endfacet
  facet normal 0 0 1
    outer loop
      vertex -7.20234 -5.24274 12
      vertex -8.09017 -5.87785 12
      vertex -7.25466 -5.57312 12
    endloop
  endfacet
  facet normal 0 0 1
    outer loop
      vertex -6.38324 4.23124 12
      vertex -9.51056 3.09017 12
      vertex -9.78148 2.07912 12
    endloop
  endfacet
  facet normal 0 -0 1
    outer loop
      vertex -8.09017 -5.87785 12
      vertex -7.20234 -5.24274 12
      vertex -8.66025 -5 12
    endloop
  endfacet
  facet normal 0 0 1
    outer loop
      vertex -6.07096 4.11137 12
      vertex -9.78148 2.07912 12
      vertex -9.94522 1.04528 12
    endloop
  endfacet
  facet normal 0 0 1
    outer loop
      vertex -7.08246 -4.93047 12
      vertex -8.66025 -5 12
      vertex -7.20234 -5.24274 12
    endloop
  endfacet
  facet normal 0 0 1
    outer loop
      vertex -5.74059 4.05905 12
      vertex -9.94522 1.04528 12
      vertex -10 0 12
    endloop
  endfacet
  facet normal 0 0 1
    outer loop
      vertex -6.90029 -4.64994 12
      vertex -8.66025 -5 12
      vertex -7.08246 -4.93047 12
    endloop
  endfacet
  facet normal -0 -0 1
    outer loop
      vertex -9.13545 -4.06737 12
      vertex -6.66377 -4.41342 12
      vertex -9.51056 -3.09017 12
    endloop
  endfacet
  facet normal 0 -0 1
    outer loop
      vertex -8.66025 -5 12
      vertex -6.90029 -4.64994 12
      vertex -9.13545 -4.06737 12
    endloop
  endfacet
  facet normal 0 0 1
    outer loop
      vertex -6.66377 -4.41342 12
      vertex -9.13545 -4.06737 12
      vertex -6.90029 -4.64994 12
    endloop
  endfacet
  facet normal 0 0 1
    outer loop
      vertex 4.07655 -5.40656 12
      vertex 0.498978 -2.34755 12
      vertex 4.05905 -5.74059 12
    endloop
  endfacet
  facet normal -0 0 1
    outer loop
      vertex 0.250854 -2.38684 12
      vertex 4.05905 -5.74059 12
      vertex 0.498978 -2.34755 12
    endloop
  endfacet
  facet normal -0 0 1
    outer loop
      vertex 0 -2.39999 12
      vertex 4.05905 -5.74059 12
      vertex 0.250854 -2.38684 12
    endloop
  endfacet
  facet normal 0 0 1
    outer loop
      vertex 0 -10 12
      vertex 4.05905 -5.74059 12
      vertex 0 -2.39999 12
    endloop
  endfacet
  facet normal 0 0 1
    outer loop
      vertex 4.05905 -5.74059 12
      vertex 0 -10 12
      vertex 1.04528 -9.94522 12
    endloop
  endfacet
  facet normal 0 0 1
    outer loop
      vertex -4.05905 -5.74059 12
      vertex 0 -2.39999 12
      vertex -0.250854 -2.38684 12
    endloop
  endfacet
  facet normal 0 0 1
    outer loop
      vertex -4.05905 -5.74059 12
      vertex -0.250854 -2.38684 12
      vertex -0.498978 -2.34755 12
    endloop
  endfacet
  facet normal 0 0 1
    outer loop
      vertex -4.05905 -5.74059 12
      vertex -0.498978 -2.34755 12
      vertex -0.699997 -2.29369 12
    endloop
  endfacet
  facet normal 0 0 1
    outer loop
      vertex 0 -2.39999 12
      vertex -4.05905 -5.74059 12
      vertex 0 -10 12
    endloop
  endfacet
  facet normal 0 0 1
    outer loop
      vertex -0.498978 2.34755 12
      vertex -4.07655 5.40656 12
      vertex -0.699997 2.29369 12
    endloop
  endfacet
  facet normal 0 0 1
    outer loop
      vertex -4.11137 6.07096 12
      vertex -1.04528 9.94522 12
      vertex -2.07912 9.78148 12
    endloop
  endfacet
  facet normal -0 0 1
    outer loop
      vertex -4.16313 5.08346 12
      vertex -0.699997 2.29369 12
      vertex -4.07655 5.40656 12
    endloop
  endfacet
  facet normal 0 0 1
    outer loop
      vertex -4.23124 6.38324 12
      vertex -2.07912 9.78148 12
      vertex -3.09017 9.51056 12
    endloop
  endfacet
  facet normal 0 0 1
    outer loop
      vertex 0 -10 12
      vertex -4.05905 -5.74059 12
      vertex -1.04528 -9.94522 12
    endloop
  endfacet
  facet normal -0 0 1
    outer loop
      vertex -4.11137 -6.07096 12
      vertex -1.04528 -9.94522 12
      vertex -4.05905 -5.74059 12
    endloop
  endfacet
  facet normal 0 0 1
    outer loop
      vertex -4.41342 6.66377 12
      vertex -3.09017 9.51056 12
      vertex -4.06737 9.13545 12
    endloop
  endfacet
  facet normal 0 0 1
    outer loop
      vertex -1.04528 9.94522 12
      vertex -4.11137 6.07096 12
      vertex -4.05905 5.74059 12
    endloop
  endfacet
  facet normal 0 0 1
    outer loop
      vertex -2.07912 9.78148 12
      vertex -4.23124 6.38324 12
      vertex -4.11137 6.07096 12
    endloop
  endfacet
  facet normal 0 0 1
    outer loop
      vertex -3.09017 9.51056 12
      vertex -4.41342 6.66377 12
      vertex -4.23124 6.38324 12
    endloop
  endfacet
  facet normal 0 0 1
    outer loop
      vertex -4.06737 9.13545 12
      vertex -4.64994 6.90029 12
      vertex -4.41342 6.66377 12
    endloop
  endfacet
  facet normal -0 0 1
    outer loop
      vertex -5 8.66025 12
      vertex -4.64994 6.90029 12
      vertex -4.06737 9.13545 12
    endloop
  endfacet
  facet normal 0 0 1
    outer loop
      vertex -4.64994 6.90029 12
      vertex -5 8.66025 12
      vertex -4.93047 7.08246 12
    endloop
  endfacet
  facet normal 0 0 1
    outer loop
      vertex -5 8.66025 12
      vertex -5.24274 7.20234 12
      vertex -4.93047 7.08246 12
    endloop
  endfacet
  facet normal -0 0 1
    outer loop
      vertex -5.87785 8.09017 12
      vertex -5.24274 7.20234 12
      vertex -5 8.66025 12
    endloop
  endfacet
  facet normal 0 0 1
    outer loop
      vertex -5.24274 7.20234 12
      vertex -5.87785 8.09017 12
      vertex -5.57312 7.25466 12
    endloop
  endfacet
  facet normal 0 0 1
    outer loop
      vertex -5.87785 8.09017 12
      vertex -5.90715 7.23715 12
      vertex -5.57312 7.25466 12
    endloop
  endfacet
  facet normal 0 0 1
    outer loop
      vertex -5.87785 8.09017 12
      vertex -6.23024 7.15058 12
      vertex -5.90715 7.23715 12
    endloop
  endfacet
  facet normal -0 0 1
    outer loop
      vertex -6.69131 7.43145 12
      vertex -6.23024 7.15058 12
      vertex -5.87785 8.09017 12
    endloop
  endfacet
  facet normal 0 0 1
    outer loop
      vertex -6.23024 7.15058 12
      vertex -6.69131 7.43145 12
      vertex -6.52828 6.99873 12
    endloop
  endfacet
  facet normal 0 0 1
    outer loop
      vertex -6.69131 7.43145 12
      vertex -6.78822 6.78822 12
      vertex -6.52828 6.99873 12
    endloop
  endfacet
  facet normal 0 0 1
    outer loop
      vertex -7.43145 6.69131 12
      vertex -6.78822 6.78822 12
      vertex -6.69131 7.43145 12
    endloop
  endfacet
  facet normal 0 0 1
    outer loop
      vertex -6.78822 6.78822 12
      vertex -7.43145 6.69131 12
      vertex -6.99873 6.52828 12
    endloop
  endfacet
  facet normal 0 0 1
    outer loop
      vertex -7.23715 5.90715 12
      vertex -8.09017 5.87785 12
      vertex -7.25466 5.57312 12
    endloop
  endfacet
  facet normal 0 0 1
    outer loop
      vertex -7.15058 6.23024 12
      vertex -8.09017 5.87785 12
      vertex -7.23715 5.90715 12
    endloop
  endfacet
  facet normal 0 0 1
    outer loop
      vertex -8.09017 5.87785 12
      vertex -7.15058 6.23024 12
      vertex -7.43145 6.69131 12
    endloop
  endfacet
  facet normal 0 0 1
    outer loop
      vertex -6.99873 6.52828 12
      vertex -7.43145 6.69131 12
      vertex -7.15058 6.23024 12
    endloop
  endfacet
  facet normal -0 0 1
    outer loop
      vertex 6.38324 4.23124 12
      vertex 9.51056 3.09017 12
      vertex 6.66377 4.41342 12
    endloop
  endfacet
  facet normal 0 0 1
    outer loop
      vertex 10 0 12
      vertex 7.20234 -5.24274 12
      vertex 7.25466 -5.57312 12
    endloop
  endfacet
  facet normal 0 0 1
    outer loop
      vertex 9.51056 3.09017 12
      vertex 6.38324 4.23124 12
      vertex 9.78148 2.07912 12
    endloop
  endfacet
  facet normal 0 0 1
    outer loop
      vertex 10 0 12
      vertex 7.08246 -4.93047 12
      vertex 7.20234 -5.24274 12
    endloop
  endfacet
  facet normal -0 0 1
    outer loop
      vertex 6.07096 4.11137 12
      vertex 9.78148 2.07912 12
      vertex 6.38324 4.23124 12
    endloop
  endfacet
  facet normal 0 0 1
    outer loop
      vertex 10 0 12
      vertex 6.90029 -4.64994 12
      vertex 7.08246 -4.93047 12
    endloop
  endfacet
  facet normal 0 0 1
    outer loop
      vertex 9.78148 2.07912 12
      vertex 6.07096 4.11137 12
      vertex 9.94522 1.04528 12
    endloop
  endfacet
  facet normal 0 0 1
    outer loop
      vertex 10 0 12
      vertex 6.66377 -4.41342 12
      vertex 6.90029 -4.64994 12
    endloop
  endfacet
  facet normal -0 0 1
    outer loop
      vertex 5.74059 4.05905 12
      vertex 9.94522 1.04528 12
      vertex 6.07096 4.11137 12
    endloop
  endfacet
  facet normal 0 0 1
    outer loop
      vertex 10 0 12
      vertex 6.38324 -4.23124 12
      vertex 6.66377 -4.41342 12
    endloop
  endfacet
  facet normal 0 0 1
    outer loop
      vertex 9.94522 1.04528 12
      vertex 5.74059 4.05905 12
      vertex 10 0 12
    endloop
  endfacet
  facet normal 0 0 1
    outer loop
      vertex 10 0 12
      vertex 6.07096 -4.11137 12
      vertex 6.38324 -4.23124 12
    endloop
  endfacet
  facet normal 0 0 1
    outer loop
      vertex 5.74059 -4.05905 12
      vertex 10 0 12
      vertex 5.74059 4.05905 12
    endloop
  endfacet
  facet normal 0 0 1
    outer loop
      vertex 10 0 12
      vertex 5.74059 -4.05905 12
      vertex 6.07096 -4.11137 12
    endloop
  endfacet
  facet normal 0 0 1
    outer loop
      vertex 5.40656 4.07655 12
      vertex 5.74059 -4.05905 12
      vertex 5.74059 4.05905 12
    endloop
  endfacet
  facet normal 0 0 1
    outer loop
      vertex 5.40656 4.07655 12
      vertex 5.40656 -4.07655 12
      vertex 5.74059 -4.05905 12
    endloop
  endfacet
  facet normal 0 0 1
    outer loop
      vertex 0.699997 2.29369 12
      vertex 5.40656 4.07655 12
      vertex 5.08346 4.16313 12
    endloop
  endfacet
  facet normal 0 0 1
    outer loop
      vertex 5.40656 4.07655 12
      vertex 0.699997 2.29369 12
      vertex 5.40656 -4.07655 12
    endloop
  endfacet
  facet normal 0 0 1
    outer loop
      vertex 0.699997 2.29369 12
      vertex 5.08346 4.16313 12
      vertex 4.78543 4.31498 12
    endloop
  endfacet
  facet normal -0 0 1
    outer loop
      vertex 0.699997 -2.29369 12
      vertex 5.40656 -4.07655 12
      vertex 0.699997 2.29369 12
    endloop
  endfacet
  facet normal 0 0 1
    outer loop
      vertex 0.699997 2.29369 12
      vertex 4.78543 4.31498 12
      vertex 4.52548 4.52548 12
    endloop
  endfacet
  facet normal 0 0 1
    outer loop
      vertex 5.40656 -4.07655 12
      vertex 0.699997 -2.29369 12
      vertex 5.08346 -4.16313 12
    endloop
  endfacet
  facet normal 0 0 1
    outer loop
      vertex 0.699997 2.29369 12
      vertex 4.52548 4.52548 12
      vertex 4.31498 4.78543 12
    endloop
  endfacet
  facet normal 0 0 1
    outer loop
      vertex 5.08346 -4.16313 12
      vertex 0.699997 -2.29369 12
      vertex 4.78543 -4.31498 12
    endloop
  endfacet
  facet normal 0 0 1
    outer loop
      vertex 0.699997 2.29369 12
      vertex 4.31498 4.78543 12
      vertex 4.16313 5.08346 12
    endloop
  endfacet
  facet normal 0 0 1
    outer loop
      vertex 4.78543 -4.31498 12
      vertex 0.699997 -2.29369 12
      vertex 4.52548 -4.52548 12
    endloop
  endfacet
  facet normal 0 0 1
    outer loop
      vertex 0.699997 2.29369 12
      vertex 4.16313 5.08346 12
      vertex 4.07655 5.40656 12
    endloop
  endfacet
  facet normal 0 0 1
    outer loop
      vertex 4.52548 -4.52548 12
      vertex 0.699997 -2.29369 12
      vertex 4.31498 -4.78543 12
    endloop
  endfacet
  facet normal 0 0 1
    outer loop
      vertex 0.498978 2.34755 12
      vertex 4.07655 5.40656 12
      vertex 4.05905 5.74059 12
    endloop
  endfacet
  facet normal 0 0 1
    outer loop
      vertex 4.31498 -4.78543 12
      vertex 0.699997 -2.29369 12
      vertex 4.16313 -5.08346 12
    endloop
  endfacet
  facet normal -0 0 1
    outer loop
      vertex 6.66377 4.41342 12
      vertex 9.13545 4.06737 12
      vertex 6.90029 4.64994 12
    endloop
  endfacet
  facet normal 0 0 1
    outer loop
      vertex 8.66025 5 12
      vertex 6.90029 4.64994 12
      vertex 9.13545 4.06737 12
    endloop
  endfacet
  facet normal 0 0 1
    outer loop
      vertex 9.13545 4.06737 12
      vertex 6.66377 4.41342 12
      vertex 9.51056 3.09017 12
    endloop
  endfacet
  facet normal 0 0 1
    outer loop
      vertex 6.90029 4.64994 12
      vertex 8.66025 5 12
      vertex 7.08246 4.93047 12
    endloop
  endfacet
  facet normal 0 0 1
    outer loop
      vertex 10 0 12
      vertex 7.25466 -5.57312 12
      vertex 9.94522 -1.04528 12
    endloop
  endfacet
  facet normal 0 0 1
    outer loop
      vertex 7.08246 4.93047 12
      vertex 8.66025 5 12
      vertex 7.20234 5.24274 12
    endloop
  endfacet
  facet normal 0 0 1
    outer loop
      vertex 9.94522 -1.04528 12
      vertex 7.25466 -5.57312 12
      vertex 9.78148 -2.07912 12
    endloop
  endfacet
  facet normal 0 0 1
    outer loop
      vertex 8.09017 5.87785 12
      vertex 7.20234 5.24274 12
      vertex 8.66025 5 12
    endloop
  endfacet
  facet normal 0 0 1
    outer loop
      vertex 9.78148 -2.07912 12
      vertex 7.25466 -5.57312 12
      vertex 9.51056 -3.09017 12
    endloop
  endfacet
  facet normal 0 0 1
    outer loop
      vertex 7.20234 5.24274 12
      vertex 8.09017 5.87785 12
      vertex 7.25466 5.57312 12
    endloop
  endfacet
  facet normal 0 0 1
    outer loop
      vertex 9.51056 -3.09017 12
      vertex 7.25466 -5.57312 12
      vertex 9.13545 -4.06737 12
    endloop
  endfacet
  facet normal -0 0 1
    outer loop
      vertex 7.15058 6.23024 12
      vertex 8.09017 5.87785 12
      vertex 7.43145 6.69131 12
    endloop
  endfacet
  facet normal 0 0 1
    outer loop
      vertex 9.13545 -4.06737 12
      vertex 7.25466 -5.57312 12
      vertex 8.66025 -5 12
    endloop
  endfacet
  facet normal 0 0 1
    outer loop
      vertex 8.66025 -5 12
      vertex 7.25466 -5.57312 12
      vertex 8.09017 -5.87785 12
    endloop
  endfacet
  facet normal 0 0 1
    outer loop
      vertex 8.09017 5.87785 12
      vertex 7.23715 5.90715 12
      vertex 7.25466 5.57312 12
    endloop
  endfacet
  facet normal 0 0 1
    outer loop
      vertex 8.09017 5.87785 12
      vertex 7.15058 6.23024 12
      vertex 7.23715 5.90715 12
    endloop
  endfacet
  facet normal 0 0 1
    outer loop
      vertex 7.43145 6.69131 12
      vertex 6.99873 6.52828 12
      vertex 7.15058 6.23024 12
    endloop
  endfacet
  facet normal 0 0 1
    outer loop
      vertex 7.43145 6.69131 12
      vertex 6.78822 6.78822 12
      vertex 6.99873 6.52828 12
    endloop
  endfacet
  facet normal 0 0 1
    outer loop
      vertex 6.69131 7.43145 12
      vertex 6.78822 6.78822 12
      vertex 7.43145 6.69131 12
    endloop
  endfacet
  facet normal 0 0 1
    outer loop
      vertex 6.69131 7.43145 12
      vertex 6.52828 6.99873 12
      vertex 6.78822 6.78822 12
    endloop
  endfacet
  facet normal 0 0 1
    outer loop
      vertex 6.69131 7.43145 12
      vertex 6.23024 7.15058 12
      vertex 6.52828 6.99873 12
    endloop
  endfacet
  facet normal 0 0 1
    outer loop
      vertex 5.87785 8.09017 12
      vertex 6.23024 7.15058 12
      vertex 6.69131 7.43145 12
    endloop
  endfacet
  facet normal 0 0 1
    outer loop
      vertex 6.23024 7.15058 12
      vertex 5.87785 8.09017 12
      vertex 5.90715 7.23715 12
    endloop
  endfacet
  facet normal 0 0 1
    outer loop
      vertex 5.87785 8.09017 12
      vertex 5.57312 7.25466 12
      vertex 5.90715 7.23715 12
    endloop
  endfacet
  facet normal 0 0 1
    outer loop
      vertex 5.87785 8.09017 12
      vertex 5.24274 7.20234 12
      vertex 5.57312 7.25466 12
    endloop
  endfacet
  facet normal 0 0 1
    outer loop
      vertex 5 8.66025 12
      vertex 5.24274 7.20234 12
      vertex 5.87785 8.09017 12
    endloop
  endfacet
  facet normal 0 0 1
    outer loop
      vertex 5 8.66025 12
      vertex 4.93047 7.08246 12
      vertex 5.24274 7.20234 12
    endloop
  endfacet
  facet normal 0 0 1
    outer loop
      vertex 5 8.66025 12
      vertex 4.64994 6.90029 12
      vertex 4.93047 7.08246 12
    endloop
  endfacet
  facet normal 0 0 1
    outer loop
      vertex 4.06737 9.13545 12
      vertex 4.64994 6.90029 12
      vertex 5 8.66025 12
    endloop
  endfacet
  facet normal 0 0 1
    outer loop
      vertex 4.64994 6.90029 12
      vertex 4.06737 9.13545 12
      vertex 4.41342 6.66377 12
    endloop
  endfacet
  facet normal 0 0 1
    outer loop
      vertex 3.09017 9.51056 12
      vertex 4.41342 6.66377 12
      vertex 4.06737 9.13545 12
    endloop
  endfacet
  facet normal 0 0 1
    outer loop
      vertex 4.41342 6.66377 12
      vertex 3.09017 9.51056 12
      vertex 4.23124 6.38324 12
    endloop
  endfacet
  facet normal 0 0 1
    outer loop
      vertex 2.07912 9.78148 12
      vertex 4.23124 6.38324 12
      vertex 3.09017 9.51056 12
    endloop
  endfacet
  facet normal 0 0 1
    outer loop
      vertex 1.04528 9.94522 12
      vertex 4.11137 6.07096 12
      vertex 2.07912 9.78148 12
    endloop
  endfacet
  facet normal 0 0 1
    outer loop
      vertex 4.23124 6.38324 12
      vertex 2.07912 9.78148 12
      vertex 4.11137 6.07096 12
    endloop
  endfacet
  facet normal 0 0 1
    outer loop
      vertex 7.23715 -5.90715 12
      vertex 8.09017 -5.87785 12
      vertex 7.25466 -5.57312 12
    endloop
  endfacet
  facet normal 0 0 1
    outer loop
      vertex 7.15058 -6.23024 12
      vertex 8.09017 -5.87785 12
      vertex 7.23715 -5.90715 12
    endloop
  endfacet
  facet normal 0 0 1
    outer loop
      vertex 8.09017 -5.87785 12
      vertex 7.15058 -6.23024 12
      vertex 7.43145 -6.69131 12
    endloop
  endfacet
  facet normal -0 0 1
    outer loop
      vertex 6.99873 -6.52828 12
      vertex 7.43145 -6.69131 12
      vertex 7.15058 -6.23024 12
    endloop
  endfacet
  facet normal 0 0 1
    outer loop
      vertex 6.78822 -6.78822 12
      vertex 7.43145 -6.69131 12
      vertex 6.99873 -6.52828 12
    endloop
  endfacet
  facet normal -0 0 1
    outer loop
      vertex 6.78822 -6.78822 12
      vertex 6.69131 -7.43145 12
      vertex 7.43145 -6.69131 12
    endloop
  endfacet
  facet normal -0 0 1
    outer loop
      vertex 6.52828 -6.99873 12
      vertex 6.69131 -7.43145 12
      vertex 6.78822 -6.78822 12
    endloop
  endfacet
  facet normal -0 0 1
    outer loop
      vertex 6.23024 -7.15058 12
      vertex 6.69131 -7.43145 12
      vertex 6.52828 -6.99873 12
    endloop
  endfacet
  facet normal 0 0 1
    outer loop
      vertex 5.87785 -8.09017 12
      vertex 6.23024 -7.15058 12
      vertex 5.90715 -7.23715 12
    endloop
  endfacet
  facet normal 0 0 1
    outer loop
      vertex 6.23024 -7.15058 12
      vertex 5.87785 -8.09017 12
      vertex 6.69131 -7.43145 12
    endloop
  endfacet
  facet normal -0 0 1
    outer loop
      vertex 5.57312 -7.25466 12
      vertex 5.87785 -8.09017 12
      vertex 5.90715 -7.23715 12
    endloop
  endfacet
  facet normal 0 0 1
    outer loop
      vertex 5.24274 -7.20234 12
      vertex 5.87785 -8.09017 12
      vertex 5.57312 -7.25466 12
    endloop
  endfacet
  facet normal 0 0 1
    outer loop
      vertex 5.24274 -7.20234 12
      vertex 5 -8.66025 12
      vertex 5.87785 -8.09017 12
    endloop
  endfacet
  facet normal 0 0 1
    outer loop
      vertex 4.93047 -7.08246 12
      vertex 5 -8.66025 12
      vertex 5.24274 -7.20234 12
    endloop
  endfacet
  facet normal 0 0 1
    outer loop
      vertex 4.64994 -6.90029 12
      vertex 5 -8.66025 12
      vertex 4.93047 -7.08246 12
    endloop
  endfacet
  facet normal 0 0 1
    outer loop
      vertex 4.06737 -9.13545 12
      vertex 4.64994 -6.90029 12
      vertex 4.41342 -6.66377 12
    endloop
  endfacet
  facet normal 0 0 1
    outer loop
      vertex 3.09017 -9.51056 12
      vertex 4.41342 -6.66377 12
      vertex 4.23124 -6.38324 12
    endloop
  endfacet
  facet normal 0 0 1
    outer loop
      vertex 2.07912 -9.78148 12
      vertex 4.23124 -6.38324 12
      vertex 4.11137 -6.07096 12
    endloop
  endfacet
  facet normal 0 0 1
    outer loop
      vertex 4.64994 -6.90029 12
      vertex 4.06737 -9.13545 12
      vertex 5 -8.66025 12
    endloop
  endfacet
  facet normal 0 0 1
    outer loop
      vertex 1.04528 -9.94522 12
      vertex 4.11137 -6.07096 12
      vertex 4.05905 -5.74059 12
    endloop
  endfacet
  facet normal 0 0 1
    outer loop
      vertex 4.16313 -5.08346 12
      vertex 0.699997 -2.29369 12
      vertex 4.07655 -5.40656 12
    endloop
  endfacet
  facet normal -0 0 1
    outer loop
      vertex 0.498978 -2.34755 12
      vertex 4.07655 -5.40656 12
      vertex 0.699997 -2.29369 12
    endloop
  endfacet
  facet normal 0 0 1
    outer loop
      vertex 4.11137 6.07096 12
      vertex 1.04528 9.94522 12
      vertex 4.05905 5.74059 12
    endloop
  endfacet
  facet normal 0 0 1
    outer loop
      vertex 4.41342 -6.66377 12
      vertex 3.09017 -9.51056 12
      vertex 4.06737 -9.13545 12
    endloop
  endfacet
  facet normal 0 0 1
    outer loop
      vertex 0 10 12
      vertex 4.05905 5.74059 12
      vertex 1.04528 9.94522 12
    endloop
  endfacet
  facet normal 0 0 1
    outer loop
      vertex 4.23124 -6.38324 12
      vertex 2.07912 -9.78148 12
      vertex 3.09017 -9.51056 12
    endloop
  endfacet
  facet normal 0 0 1
    outer loop
      vertex 4.11137 -6.07096 12
      vertex 1.04528 -9.94522 12
      vertex 2.07912 -9.78148 12
    endloop
  endfacet
  facet normal 0 0 1
    outer loop
      vertex 4.07655 5.40656 12
      vertex 0.498978 2.34755 12
      vertex 0.699997 2.29369 12
    endloop
  endfacet
  facet normal 0 0 1
    outer loop
      vertex 4.05905 5.74059 12
      vertex 0.250854 2.38684 12
      vertex 0.498978 2.34755 12
    endloop
  endfacet
  facet normal 0 0 1
    outer loop
      vertex 0 2.39999 12
      vertex 4.05905 5.74059 12
      vertex 0 10 12
    endloop
  endfacet
  facet normal 0 0 1
    outer loop
      vertex 4.05905 5.74059 12
      vertex 0 2.39999 12
      vertex 0.250854 2.38684 12
    endloop
  endfacet
  facet normal -0 0 1
    outer loop
      vertex -4.05905 5.74059 12
      vertex 0 2.39999 12
      vertex 0 10 12
    endloop
  endfacet
  facet normal 0 0 1
    outer loop
      vertex -4.05905 5.74059 12
      vertex 0 10 12
      vertex -1.04528 9.94522 12
    endloop
  endfacet
  facet normal 0 0 1
    outer loop
      vertex 0 2.39999 12
      vertex -4.05905 5.74059 12
      vertex -0.250854 2.38684 12
    endloop
  endfacet
  facet normal -0 0 1
    outer loop
      vertex -4.07655 5.40656 12
      vertex -0.498978 2.34755 12
      vertex -4.05905 5.74059 12
    endloop
  endfacet
  facet normal 0 0 1
    outer loop
      vertex -0.250854 2.38684 12
      vertex -4.05905 5.74059 12
      vertex -0.498978 2.34755 12
    endloop
  endfacet
  facet normal -0.358366 0.933581 0
    outer loop
      vertex -3.09017 9.51056 0.5
      vertex -4.06737 9.13545 12
      vertex -3.09017 9.51056 12
    endloop
  endfacet
  facet normal -0.358366 0.933581 0
    outer loop
      vertex -4.06737 9.13545 12
      vertex -3.09017 9.51056 0.5
      vertex -4.06737 9.13545 0.5
    endloop
  endfacet
  facet normal 0.453991 0.891006 -0
    outer loop
      vertex 5 8.66025 0.5
      vertex 4.06737 9.13545 12
      vertex 5 8.66025 12
    endloop
  endfacet
  facet normal 0.453991 0.891006 0
    outer loop
      vertex 4.06737 9.13545 12
      vertex 5 8.66025 0.5
      vertex 4.06737 9.13545 0.5
    endloop
  endfacet
  facet normal 0.891006 -0.453991 0
    outer loop
      vertex 8.66025 -5 12
      vertex 9.13545 -4.06737 0.5
      vertex 9.13545 -4.06737 12
    endloop
  endfacet
  facet normal 0.891006 -0.453991 0
    outer loop
      vertex 9.13545 -4.06737 0.5
      vertex 8.66025 -5 12
      vertex 8.66025 -5 0.5
    endloop
  endfacet
  facet normal 0.707107 0.707107 0
    outer loop
      vertex 7.43145 6.69131 12
      vertex 6.69131 7.43145 0.5
      vertex 6.69131 7.43145 12
    endloop
  endfacet
  facet normal 0.707107 0.707107 0
    outer loop
      vertex 6.69131 7.43145 0.5
      vertex 7.43145 6.69131 12
      vertex 7.43145 6.69131 0.5
    endloop
  endfacet
  facet normal -0.629316 -0.777149 0
    outer loop
      vertex -6.69131 -7.43145 0.5
      vertex -5.87785 -8.09017 12
      vertex -6.69131 -7.43145 12
    endloop
  endfacet
  facet normal -0.629316 -0.777149 -0
    outer loop
      vertex -5.87785 -8.09017 12
      vertex -6.69131 -7.43145 0.5
      vertex -5.87785 -8.09017 0.5
    endloop
  endfacet
  facet normal 0.838672 -0.544637 0
    outer loop
      vertex 8.09017 -5.87785 12
      vertex 8.66025 -5 0.5
      vertex 8.66025 -5 12
    endloop
  endfacet
  facet normal 0.838672 -0.544637 0
    outer loop
      vertex 8.66025 -5 0.5
      vertex 8.09017 -5.87785 12
      vertex 8.09017 -5.87785 0.5
    endloop
  endfacet
  facet normal 0.453991 -0.891006 0
    outer loop
      vertex 4.06737 -9.13545 0.5
      vertex 5 -8.66025 12
      vertex 4.06737 -9.13545 12
    endloop
  endfacet
  facet normal 0.453991 -0.891006 0
    outer loop
      vertex 5 -8.66025 12
      vertex 4.06737 -9.13545 0.5
      vertex 5 -8.66025 0.5
    endloop
  endfacet
  facet normal -0.156431 0.987689 0
    outer loop
      vertex -1.04528 9.94522 0.5
      vertex -2.07912 9.78148 12
      vertex -1.04528 9.94522 12
    endloop
  endfacet
  facet normal -0.156431 0.987689 0
    outer loop
      vertex -2.07912 9.78148 12
      vertex -1.04528 9.94522 0.5
      vertex -2.07912 9.78148 0.5
    endloop
  endfacet
  facet normal 0.933581 0.358366 0
    outer loop
      vertex 9.51056 3.09017 12
      vertex 9.13545 4.06737 0.5
      vertex 9.13545 4.06737 12
    endloop
  endfacet
  facet normal 0.933581 0.358366 0
    outer loop
      vertex 9.13545 4.06737 0.5
      vertex 9.51056 3.09017 12
      vertex 9.51056 3.09017 0.5
    endloop
  endfacet
  facet normal 0.777149 -0.629316 0
    outer loop
      vertex 7.43145 -6.69131 12
      vertex 8.09017 -5.87785 0.5
      vertex 8.09017 -5.87785 12
    endloop
  endfacet
  facet normal 0.777149 -0.629316 0
    outer loop
      vertex 8.09017 -5.87785 0.5
      vertex 7.43145 -6.69131 12
      vertex 7.43145 -6.69131 0.5
    endloop
  endfacet
  facet normal -0.933581 -0.358366 0
    outer loop
      vertex -9.13545 -4.06737 0.5
      vertex -9.51056 -3.09017 12
      vertex -9.51056 -3.09017 0.5
    endloop
  endfacet
  facet normal -0.933581 -0.358366 0
    outer loop
      vertex -9.51056 -3.09017 12
      vertex -9.13545 -4.06737 0.5
      vertex -9.13545 -4.06737 12
    endloop
  endfacet
  facet normal -0.987689 0.156431 0
    outer loop
      vertex -9.94522 1.04528 0.5
      vertex -9.78148 2.07912 12
      vertex -9.78148 2.07912 0.5
    endloop
  endfacet
  facet normal -0.987689 0.156431 0
    outer loop
      vertex -9.78148 2.07912 12
      vertex -9.94522 1.04528 0.5
      vertex -9.94522 1.04528 12
    endloop
  endfacet
  facet normal 0.0523352 0.99863 -0
    outer loop
      vertex 1.04528 9.94522 0.5
      vertex 0 10 12
      vertex 1.04528 9.94522 12
    endloop
  endfacet
  facet normal 0.0523352 0.99863 0
    outer loop
      vertex 0 10 12
      vertex 1.04528 9.94522 0.5
      vertex 0 10 0.5
    endloop
  endfacet
  facet normal 0.891006 0.453991 0
    outer loop
      vertex 9.13545 4.06737 12
      vertex 8.66025 5 0.5
      vertex 8.66025 5 12
    endloop
  endfacet
  facet normal 0.891006 0.453991 0
    outer loop
      vertex 8.66025 5 0.5
      vertex 9.13545 4.06737 12
      vertex 9.13545 4.06737 0.5
    endloop
  endfacet
  facet normal -0.838672 0.544637 0
    outer loop
      vertex -8.66025 5 0.5
      vertex -8.09017 5.87785 12
      vertex -8.09017 5.87785 0.5
    endloop
  endfacet
  facet normal -0.838672 0.544637 0
    outer loop
      vertex -8.09017 5.87785 12
      vertex -8.66025 5 0.5
      vertex -8.66025 5 12
    endloop
  endfacet
  facet normal -0.629316 0.777149 0
    outer loop
      vertex -5.87785 8.09017 0.5
      vertex -6.69131 7.43145 12
      vertex -5.87785 8.09017 12
    endloop
  endfacet
  facet normal -0.629316 0.777149 0
    outer loop
      vertex -6.69131 7.43145 12
      vertex -5.87785 8.09017 0.5
      vertex -6.69131 7.43145 0.5
    endloop
  endfacet
  facet normal -0.933581 0.358366 0
    outer loop
      vertex -9.51056 3.09017 0.5
      vertex -9.13545 4.06737 12
      vertex -9.13545 4.06737 0.5
    endloop
  endfacet
  facet normal -0.933581 0.358366 0
    outer loop
      vertex -9.13545 4.06737 12
      vertex -9.51056 3.09017 0.5
      vertex -9.51056 3.09017 12
    endloop
  endfacet
  facet normal -0.891006 -0.453991 0
    outer loop
      vertex -8.66025 -5 0.5
      vertex -9.13545 -4.06737 12
      vertex -9.13545 -4.06737 0.5
    endloop
  endfacet
  facet normal -0.891006 -0.453991 0
    outer loop
      vertex -9.13545 -4.06737 12
      vertex -8.66025 -5 0.5
      vertex -8.66025 -5 12
    endloop
  endfacet
  facet normal 0.258828 -0.965923 0
    outer loop
      vertex 2.07912 -9.78148 0.5
      vertex 3.09017 -9.51056 12
      vertex 2.07912 -9.78148 12
    endloop
  endfacet
  facet normal 0.258828 -0.965923 0
    outer loop
      vertex 3.09017 -9.51056 12
      vertex 2.07912 -9.78148 0.5
      vertex 3.09017 -9.51056 0.5
    endloop
  endfacet
  facet normal 0.629316 -0.777149 0
    outer loop
      vertex 5.87785 -8.09017 0.5
      vertex 6.69131 -7.43145 12
      vertex 5.87785 -8.09017 12
    endloop
  endfacet
  facet normal 0.629316 -0.777149 0
    outer loop
      vertex 6.69131 -7.43145 12
      vertex 5.87785 -8.09017 0.5
      vertex 6.69131 -7.43145 0.5
    endloop
  endfacet
  facet normal -0.258828 -0.965923 0
    outer loop
      vertex -3.09017 -9.51056 0.5
      vertex -2.07912 -9.78148 12
      vertex -3.09017 -9.51056 12
    endloop
  endfacet
  facet normal -0.258828 -0.965923 -0
    outer loop
      vertex -2.07912 -9.78148 12
      vertex -3.09017 -9.51056 0.5
      vertex -2.07912 -9.78148 0.5
    endloop
  endfacet
  facet normal -0.99863 -0.0523352 0
    outer loop
      vertex -9.94522 -1.04528 0.5
      vertex -10 0 12
      vertex -10 0 0.5
    endloop
  endfacet
  facet normal -0.99863 -0.0523352 0
    outer loop
      vertex -10 0 12
      vertex -9.94522 -1.04528 0.5
      vertex -9.94522 -1.04528 12
    endloop
  endfacet
  facet normal 0.156431 0.987689 -0
    outer loop
      vertex 2.07912 9.78148 0.5
      vertex 1.04528 9.94522 12
      vertex 2.07912 9.78148 12
    endloop
  endfacet
  facet normal 0.156431 0.987689 0
    outer loop
      vertex 1.04528 9.94522 12
      vertex 2.07912 9.78148 0.5
      vertex 1.04528 9.94522 0.5
    endloop
  endfacet
  facet normal -0.777149 -0.629316 0
    outer loop
      vertex -7.43145 -6.69131 0.5
      vertex -8.09017 -5.87785 12
      vertex -8.09017 -5.87785 0.5
    endloop
  endfacet
  facet normal -0.777149 -0.629316 0
    outer loop
      vertex -8.09017 -5.87785 12
      vertex -7.43145 -6.69131 0.5
      vertex -7.43145 -6.69131 12
    endloop
  endfacet
  facet normal -0.453991 0.891006 0
    outer loop
      vertex -4.06737 9.13545 0.5
      vertex -5 8.66025 12
      vertex -4.06737 9.13545 12
    endloop
  endfacet
  facet normal -0.453991 0.891006 0
    outer loop
      vertex -5 8.66025 12
      vertex -4.06737 9.13545 0.5
      vertex -5 8.66025 0.5
    endloop
  endfacet
  facet normal -0.965923 0.258828 0
    outer loop
      vertex -9.78148 2.07912 0.5
      vertex -9.51056 3.09017 12
      vertex -9.51056 3.09017 0.5
    endloop
  endfacet
  facet normal -0.965923 0.258828 0
    outer loop
      vertex -9.51056 3.09017 12
      vertex -9.78148 2.07912 0.5
      vertex -9.78148 2.07912 12
    endloop
  endfacet
  facet normal -0.707107 -0.707107 0
    outer loop
      vertex -6.69131 -7.43145 0.5
      vertex -7.43145 -6.69131 12
      vertex -7.43145 -6.69131 0.5
    endloop
  endfacet
  facet normal -0.707107 -0.707107 0
    outer loop
      vertex -7.43145 -6.69131 12
      vertex -6.69131 -7.43145 0.5
      vertex -6.69131 -7.43145 12
    endloop
  endfacet
  facet normal 0.544637 -0.838672 0
    outer loop
      vertex 5 -8.66025 0.5
      vertex 5.87785 -8.09017 12
      vertex 5 -8.66025 12
    endloop
  endfacet
  facet normal 0.544637 -0.838672 0
    outer loop
      vertex 5.87785 -8.09017 12
      vertex 5 -8.66025 0.5
      vertex 5.87785 -8.09017 0.5
    endloop
  endfacet
  facet normal 0.933581 -0.358366 0
    outer loop
      vertex 9.13545 -4.06737 12
      vertex 9.51056 -3.09017 0.5
      vertex 9.51056 -3.09017 12
    endloop
  endfacet
  facet normal 0.933581 -0.358366 0
    outer loop
      vertex 9.51056 -3.09017 0.5
      vertex 9.13545 -4.06737 12
      vertex 9.13545 -4.06737 0.5
    endloop
  endfacet
  facet normal 0 0 -1
    outer loop
      vertex -4.31498 -4.78543 0
      vertex -0.699997 -2.29369 0
      vertex -4.16313 -5.08346 0
    endloop
  endfacet
  facet normal 0 0 -1
    outer loop
      vertex -0.699997 2.29369 0
      vertex -4.07655 5.40656 0
      vertex -4.05905 5.74059 0
    endloop
  endfacet
  facet normal 0 0 -1
    outer loop
      vertex -4.52548 -4.52548 0
      vertex -0.699997 -2.29369 0
      vertex -4.31498 -4.78543 0
    endloop
  endfacet
  facet normal 0 0 -1
    outer loop
      vertex -0.699997 2.29369 0
      vertex -4.16313 5.08346 0
      vertex -4.07655 5.40656 0
    endloop
  endfacet
  facet normal 0 0 -1
    outer loop
      vertex -4.78543 -4.31498 0
      vertex -0.699997 -2.29369 0
      vertex -4.52548 -4.52548 0
    endloop
  endfacet
  facet normal 0 0 -1
    outer loop
      vertex -0.699997 2.29369 0
      vertex -4.31498 4.78543 0
      vertex -4.16313 5.08346 0
    endloop
  endfacet
  facet normal 0 0 -1
    outer loop
      vertex -5.08346 -4.16313 0
      vertex -0.699997 -2.29369 0
      vertex -4.78543 -4.31498 0
    endloop
  endfacet
  facet normal 0 0 -1
    outer loop
      vertex -0.699997 2.29369 0
      vertex -4.52548 4.52548 0
      vertex -4.31498 4.78543 0
    endloop
  endfacet
  facet normal 0 0 -1
    outer loop
      vertex -5.40656 -4.07655 0
      vertex -0.699997 -2.29369 0
      vertex -5.08346 -4.16313 0
    endloop
  endfacet
  facet normal 0 0 -1
    outer loop
      vertex -0.699997 2.29369 0
      vertex -4.78543 4.31498 0
      vertex -4.52548 4.52548 0
    endloop
  endfacet
  facet normal -0 0 -1
    outer loop
      vertex -0.699997 -2.29369 0
      vertex -5.40656 -4.07655 0
      vertex -0.699997 2.29369 0
    endloop
  endfacet
  facet normal 0 0 -1
    outer loop
      vertex -0.699997 2.29369 0
      vertex -5.08346 4.16313 0
      vertex -4.78543 4.31498 0
    endloop
  endfacet
  facet normal 0 0 -1
    outer loop
      vertex -5.40656 4.07655 0
      vertex -0.699997 2.29369 0
      vertex -5.40656 -4.07655 0
    endloop
  endfacet
  facet normal 0 0 -1
    outer loop
      vertex -0.699997 2.29369 0
      vertex -5.40656 4.07655 0
      vertex -5.08346 4.16313 0
    endloop
  endfacet
  facet normal 0 0 -1
    outer loop
      vertex -5.74059 -4.05905 0
      vertex -5.40656 4.07655 0
      vertex -5.40656 -4.07655 0
    endloop
  endfacet
  facet normal 0 0 -1
    outer loop
      vertex -5.74059 -4.05905 0
      vertex -5.74059 4.05905 0
      vertex -5.40656 4.07655 0
    endloop
  endfacet
  facet normal 0 0 -1
    outer loop
      vertex -10.5 0 0
      vertex -5.74059 -4.05905 0
      vertex -6.07096 -4.11137 0
    endloop
  endfacet
  facet normal 0 0 -1
    outer loop
      vertex -5.74059 -4.05905 0
      vertex -10.5 0 0
      vertex -5.74059 4.05905 0
    endloop
  endfacet
  facet normal 0 0 -1
    outer loop
      vertex -10.2705 -2.18307 0
      vertex -6.07096 -4.11137 0
      vertex -6.38324 -4.23124 0
    endloop
  endfacet
  facet normal -0 0 -1
    outer loop
      vertex -5.74059 4.05905 0
      vertex -10.5 0 0
      vertex -6.07096 4.11137 0
    endloop
  endfacet
  facet normal 0 0 -1
    outer loop
      vertex -9.98609 -3.24468 0
      vertex -6.38324 -4.23124 0
      vertex -6.66377 -4.41342 0
    endloop
  endfacet
  facet normal 0 -0 -1
    outer loop
      vertex -10.4425 1.09755 0
      vertex -6.07096 4.11137 0
      vertex -10.5 0 0
    endloop
  endfacet
  facet normal 0 0 -1
    outer loop
      vertex -9.59223 -4.27073 0
      vertex -6.66377 -4.41342 0
      vertex -6.90029 -4.64994 0
    endloop
  endfacet
  facet normal 0 -0 -1
    outer loop
      vertex -10.2705 2.18307 0
      vertex -6.07096 4.11137 0
      vertex -10.4425 1.09755 0
    endloop
  endfacet
  facet normal 0 0 -1
    outer loop
      vertex -9.59223 -4.27073 0
      vertex -6.90029 -4.64994 0
      vertex -7.08246 -4.93047 0
    endloop
  endfacet
  facet normal -0 0 -1
    outer loop
      vertex -6.07096 4.11137 0
      vertex -10.2705 2.18307 0
      vertex -6.38324 4.23124 0
    endloop
  endfacet
  facet normal 0 0 -1
    outer loop
      vertex -9.09327 -5.25 0
      vertex -7.08246 -4.93047 0
      vertex -7.20234 -5.24274 0
    endloop
  endfacet
  facet normal 0 -0 -1
    outer loop
      vertex -9.98609 3.24468 0
      vertex -6.38324 4.23124 0
      vertex -10.2705 2.18307 0
    endloop
  endfacet
  facet normal 0 0 -1
    outer loop
      vertex -9.09327 -5.25 0
      vertex -7.20234 -5.24274 0
      vertex -7.25466 -5.57312 0
    endloop
  endfacet
  facet normal -0 0 -1
    outer loop
      vertex -6.38324 4.23124 0
      vertex -9.98609 3.24468 0
      vertex -6.66377 4.41342 0
    endloop
  endfacet
  facet normal 0 0 -1
    outer loop
      vertex -1.09755 10.4425 0
      vertex -4.11137 6.07096 0
      vertex -2.18307 10.2705 0
    endloop
  endfacet
  facet normal 0 0 -1
    outer loop
      vertex -4.23124 6.38324 0
      vertex -2.18307 10.2705 0
      vertex -4.11137 6.07096 0
    endloop
  endfacet
  facet normal 0 0 -1
    outer loop
      vertex -2.18307 10.2705 0
      vertex -4.23124 6.38324 0
      vertex -3.24468 9.98609 0
    endloop
  endfacet
  facet normal 0 0 -1
    outer loop
      vertex -4.41342 6.66377 0
      vertex -3.24468 9.98609 0
      vertex -4.23124 6.38324 0
    endloop
  endfacet
  facet normal 0 0 -1
    outer loop
      vertex -3.24468 9.98609 0
      vertex -4.41342 6.66377 0
      vertex -4.27073 9.59223 0
    endloop
  endfacet
  facet normal 0 0 -1
    outer loop
      vertex -4.64994 6.90029 0
      vertex -4.27073 9.59223 0
      vertex -4.41342 6.66377 0
    endloop
  endfacet
  facet normal 0 0 -1
    outer loop
      vertex -4.93047 7.08246 0
      vertex -4.27073 9.59223 0
      vertex -4.64994 6.90029 0
    endloop
  endfacet
  facet normal 0 0 -1
    outer loop
      vertex -5.25 9.09327 0
      vertex -4.93047 7.08246 0
      vertex -5.24274 7.20234 0
    endloop
  endfacet
  facet normal 0 0 -1
    outer loop
      vertex -4.93047 7.08246 0
      vertex -5.25 9.09327 0
      vertex -4.27073 9.59223 0
    endloop
  endfacet
  facet normal 0 0 -1
    outer loop
      vertex -5.57312 7.25466 0
      vertex -5.25 9.09327 0
      vertex -5.24274 7.20234 0
    endloop
  endfacet
  facet normal 0 0 -1
    outer loop
      vertex -6.17174 8.49468 0
      vertex -5.57312 7.25466 0
      vertex -5.90715 7.23715 0
    endloop
  endfacet
  facet normal 0 0 -1
    outer loop
      vertex -5.57312 7.25466 0
      vertex -6.17174 8.49468 0
      vertex -5.25 9.09327 0
    endloop
  endfacet
  facet normal 0 0 -1
    outer loop
      vertex -6.23024 7.15058 0
      vertex -6.17174 8.49468 0
      vertex -5.90715 7.23715 0
    endloop
  endfacet
  facet normal 0 0 -1
    outer loop
      vertex -7.02587 7.80302 0
      vertex -6.23024 7.15058 0
      vertex -6.52828 6.99873 0
    endloop
  endfacet
  facet normal 0 0 -1
    outer loop
      vertex -7.02587 7.80302 0
      vertex -6.52828 6.99873 0
      vertex -6.78822 6.78822 0
    endloop
  endfacet
  facet normal 0 0 -1
    outer loop
      vertex -7.80302 7.02587 0
      vertex -6.78822 6.78822 0
      vertex -6.99873 6.52828 0
    endloop
  endfacet
  facet normal 0 0 -1
    outer loop
      vertex -6.23024 7.15058 0
      vertex -7.02587 7.80302 0
      vertex -6.17174 8.49468 0
    endloop
  endfacet
  facet normal 0 0 -1
    outer loop
      vertex -7.80302 7.02587 0
      vertex -6.99873 6.52828 0
      vertex -7.15058 6.23024 0
    endloop
  endfacet
  facet normal 0 0 -1
    outer loop
      vertex -8.49468 6.17174 0
      vertex -7.15058 6.23024 0
      vertex -7.23715 5.90715 0
    endloop
  endfacet
  facet normal 0 0 -1
    outer loop
      vertex -6.78822 6.78822 0
      vertex -7.80302 7.02587 0
      vertex -7.02587 7.80302 0
    endloop
  endfacet
  facet normal 0 0 -1
    outer loop
      vertex -8.49468 6.17174 0
      vertex -7.23715 5.90715 0
      vertex -7.25466 5.57312 0
    endloop
  endfacet
  facet normal 0 0 -1
    outer loop
      vertex -9.09327 -5.25 0
      vertex -7.25466 -5.57312 0
      vertex -8.49468 -6.17174 0
    endloop
  endfacet
  facet normal -0 0 -1
    outer loop
      vertex -7.08246 -4.93047 0
      vertex -9.09327 -5.25 0
      vertex -9.59223 -4.27073 0
    endloop
  endfacet
  facet normal -0 0 -1
    outer loop
      vertex -7.15058 6.23024 0
      vertex -8.49468 6.17174 0
      vertex -7.80302 7.02587 0
    endloop
  endfacet
  facet normal 0 0 -1
    outer loop
      vertex -6.66377 -4.41342 0
      vertex -9.59223 -4.27073 0
      vertex -9.98609 -3.24468 0
    endloop
  endfacet
  facet normal -0 0 -1
    outer loop
      vertex -7.25466 5.57312 0
      vertex -9.09327 5.25 0
      vertex -8.49468 6.17174 0
    endloop
  endfacet
  facet normal 0 0 -1
    outer loop
      vertex -6.38324 -4.23124 0
      vertex -9.98609 -3.24468 0
      vertex -10.2705 -2.18307 0
    endloop
  endfacet
  facet normal 0 0 -1
    outer loop
      vertex -7.20234 5.24274 0
      vertex -9.09327 5.25 0
      vertex -7.25466 5.57312 0
    endloop
  endfacet
  facet normal 0 0 -1
    outer loop
      vertex -6.07096 -4.11137 0
      vertex -10.2705 -2.18307 0
      vertex -10.4425 -1.09755 0
    endloop
  endfacet
  facet normal 0 0 -1
    outer loop
      vertex -7.08246 4.93047 0
      vertex -9.09327 5.25 0
      vertex -7.20234 5.24274 0
    endloop
  endfacet
  facet normal 0 0 -1
    outer loop
      vertex -6.07096 -4.11137 0
      vertex -10.4425 -1.09755 0
      vertex -10.5 0 0
    endloop
  endfacet
  facet normal 0 -0 -1
    outer loop
      vertex -9.09327 5.25 0
      vertex -7.08246 4.93047 0
      vertex -9.59223 4.27073 0
    endloop
  endfacet
  facet normal 0 -0 -1
    outer loop
      vertex -9.59223 4.27073 0
      vertex -6.66377 4.41342 0
      vertex -9.98609 3.24468 0
    endloop
  endfacet
  facet normal -0 0 -1
    outer loop
      vertex -6.90029 4.64994 0
      vertex -9.59223 4.27073 0
      vertex -7.08246 4.93047 0
    endloop
  endfacet
  facet normal -0 0 -1
    outer loop
      vertex -6.66377 4.41342 0
      vertex -9.59223 4.27073 0
      vertex -6.90029 4.64994 0
    endloop
  endfacet
  facet normal -0 0 -1
    outer loop
      vertex 4.07655 5.40656 0
      vertex 0.498978 2.34755 0
      vertex 4.05905 5.74059 0
    endloop
  endfacet
  facet normal 0 0 -1
    outer loop
      vertex 0.250854 2.38684 0
      vertex 4.05905 5.74059 0
      vertex 0.498978 2.34755 0
    endloop
  endfacet
  facet normal 0 0 -1
    outer loop
      vertex 0 2.39999 0
      vertex 4.05905 5.74059 0
      vertex 0.250854 2.38684 0
    endloop
  endfacet
  facet normal 0 0 -1
    outer loop
      vertex 0 10.5 0
      vertex 4.05905 5.74059 0
      vertex 0 2.39999 0
    endloop
  endfacet
  facet normal 0 0 -1
    outer loop
      vertex 4.05905 5.74059 0
      vertex 0 10.5 0
      vertex 1.09755 10.4425 0
    endloop
  endfacet
  facet normal 0 0 -1
    outer loop
      vertex -4.05905 5.74059 0
      vertex 0 2.39999 0
      vertex -0.250854 2.38684 0
    endloop
  endfacet
  facet normal 0 0 -1
    outer loop
      vertex -4.05905 5.74059 0
      vertex -0.250854 2.38684 0
      vertex -0.498978 2.34755 0
    endloop
  endfacet
  facet normal 0 0 -1
    outer loop
      vertex -4.05905 5.74059 0
      vertex -0.498978 2.34755 0
      vertex -0.699997 2.29369 0
    endloop
  endfacet
  facet normal 0 0 -1
    outer loop
      vertex 0 2.39999 0
      vertex -4.05905 5.74059 0
      vertex 0 10.5 0
    endloop
  endfacet
  facet normal -0 0 -1
    outer loop
      vertex -0.498978 -2.34755 0
      vertex -4.07655 -5.40656 0
      vertex -0.699997 -2.29369 0
    endloop
  endfacet
  facet normal 0 0 -1
    outer loop
      vertex -4.11137 -6.07096 0
      vertex -1.09755 -10.4425 0
      vertex -2.18307 -10.2705 0
    endloop
  endfacet
  facet normal 0 0 -1
    outer loop
      vertex -4.16313 -5.08346 0
      vertex -0.699997 -2.29369 0
      vertex -4.07655 -5.40656 0
    endloop
  endfacet
  facet normal 0 0 -1
    outer loop
      vertex -4.23124 -6.38324 0
      vertex -2.18307 -10.2705 0
      vertex -3.24468 -9.98609 0
    endloop
  endfacet
  facet normal 0 0 -1
    outer loop
      vertex -4.11137 6.07096 0
      vertex 0 10.5 0
      vertex -4.05905 5.74059 0
    endloop
  endfacet
  facet normal 0 0 -1
    outer loop
      vertex 0 10.5 0
      vertex -4.11137 6.07096 0
      vertex -1.09755 10.4425 0
    endloop
  endfacet
  facet normal 0 0 -1
    outer loop
      vertex -1.09755 -10.4425 0
      vertex -4.11137 -6.07096 0
      vertex -4.05905 -5.74059 0
    endloop
  endfacet
  facet normal 0 0 -1
    outer loop
      vertex -2.18307 -10.2705 0
      vertex -4.23124 -6.38324 0
      vertex -4.11137 -6.07096 0
    endloop
  endfacet
  facet normal 0 0 -1
    outer loop
      vertex -4.41342 -6.66377 0
      vertex -3.24468 -9.98609 0
      vertex -4.27073 -9.59223 0
    endloop
  endfacet
  facet normal 0 0 -1
    outer loop
      vertex -3.24468 -9.98609 0
      vertex -4.41342 -6.66377 0
      vertex -4.23124 -6.38324 0
    endloop
  endfacet
  facet normal 0 0 -1
    outer loop
      vertex -4.27073 -9.59223 0
      vertex -4.64994 -6.90029 0
      vertex -4.41342 -6.66377 0
    endloop
  endfacet
  facet normal 0 0 -1
    outer loop
      vertex -4.27073 -9.59223 0
      vertex -4.93047 -7.08246 0
      vertex -4.64994 -6.90029 0
    endloop
  endfacet
  facet normal 0 0 -1
    outer loop
      vertex -5.25 -9.09327 0
      vertex -4.93047 -7.08246 0
      vertex -4.27073 -9.59223 0
    endloop
  endfacet
  facet normal 0 0 -1
    outer loop
      vertex -4.93047 -7.08246 0
      vertex -5.25 -9.09327 0
      vertex -5.24274 -7.20234 0
    endloop
  endfacet
  facet normal 0 0 -1
    outer loop
      vertex -5.25 -9.09327 0
      vertex -5.57312 -7.25466 0
      vertex -5.24274 -7.20234 0
    endloop
  endfacet
  facet normal 0 0 -1
    outer loop
      vertex -6.17174 -8.49468 0
      vertex -5.57312 -7.25466 0
      vertex -5.25 -9.09327 0
    endloop
  endfacet
  facet normal -0 0 -1
    outer loop
      vertex -5.57312 -7.25466 0
      vertex -6.17174 -8.49468 0
      vertex -5.90715 -7.23715 0
    endloop
  endfacet
  facet normal 0 0 -1
    outer loop
      vertex -6.17174 -8.49468 0
      vertex -6.23024 -7.15058 0
      vertex -5.90715 -7.23715 0
    endloop
  endfacet
  facet normal 0 0 -1
    outer loop
      vertex -7.02587 -7.80302 0
      vertex -6.23024 -7.15058 0
      vertex -6.17174 -8.49468 0
    endloop
  endfacet
  facet normal -0 0 -1
    outer loop
      vertex -6.23024 -7.15058 0
      vertex -7.02587 -7.80302 0
      vertex -6.52828 -6.99873 0
    endloop
  endfacet
  facet normal -0 0 -1
    outer loop
      vertex -6.52828 -6.99873 0
      vertex -7.02587 -7.80302 0
      vertex -6.78822 -6.78822 0
    endloop
  endfacet
  facet normal 0 0 -1
    outer loop
      vertex -7.80302 -7.02587 0
      vertex -6.78822 -6.78822 0
      vertex -7.02587 -7.80302 0
    endloop
  endfacet
  facet normal -0 0 -1
    outer loop
      vertex -6.78822 -6.78822 0
      vertex -7.80302 -7.02587 0
      vertex -6.99873 -6.52828 0
    endloop
  endfacet
  facet normal -0 0 -1
    outer loop
      vertex -6.99873 -6.52828 0
      vertex -7.80302 -7.02587 0
      vertex -7.15058 -6.23024 0
    endloop
  endfacet
  facet normal -0 0 -1
    outer loop
      vertex -7.23715 -5.90715 0
      vertex -8.49468 -6.17174 0
      vertex -7.25466 -5.57312 0
    endloop
  endfacet
  facet normal 0 0 -1
    outer loop
      vertex -7.15058 -6.23024 0
      vertex -8.49468 -6.17174 0
      vertex -7.23715 -5.90715 0
    endloop
  endfacet
  facet normal 0 0 -1
    outer loop
      vertex -8.49468 -6.17174 0
      vertex -7.15058 -6.23024 0
      vertex -7.80302 -7.02587 0
    endloop
  endfacet
  facet normal 0 0 -1
    outer loop
      vertex 6.38324 -4.23124 0
      vertex 9.98609 -3.24468 0
      vertex 6.66377 -4.41342 0
    endloop
  endfacet
  facet normal 0 0 -1
    outer loop
      vertex 10.5 0 0
      vertex 7.20234 5.24274 0
      vertex 7.25466 5.57312 0
    endloop
  endfacet
  facet normal -0 0 -1
    outer loop
      vertex 9.98609 -3.24468 0
      vertex 6.38324 -4.23124 0
      vertex 10.2705 -2.18307 0
    endloop
  endfacet
  facet normal 0 0 -1
    outer loop
      vertex 10.5 0 0
      vertex 7.08246 4.93047 0
      vertex 7.20234 5.24274 0
    endloop
  endfacet
  facet normal 0 0 -1
    outer loop
      vertex 6.07096 -4.11137 0
      vertex 10.2705 -2.18307 0
      vertex 6.38324 -4.23124 0
    endloop
  endfacet
  facet normal 0 0 -1
    outer loop
      vertex 10.5 0 0
      vertex 6.90029 4.64994 0
      vertex 7.08246 4.93047 0
    endloop
  endfacet
  facet normal -0 0 -1
    outer loop
      vertex 10.2705 -2.18307 0
      vertex 6.07096 -4.11137 0
      vertex 10.4425 -1.09755 0
    endloop
  endfacet
  facet normal 0 0 -1
    outer loop
      vertex 10.5 0 0
      vertex 6.66377 4.41342 0
      vertex 6.90029 4.64994 0
    endloop
  endfacet
  facet normal -0 0 -1
    outer loop
      vertex 10.4425 -1.09755 0
      vertex 6.07096 -4.11137 0
      vertex 10.5 0 0
    endloop
  endfacet
  facet normal 0 0 -1
    outer loop
      vertex 10.5 0 0
      vertex 6.38324 4.23124 0
      vertex 6.66377 4.41342 0
    endloop
  endfacet
  facet normal 0 0 -1
    outer loop
      vertex 5.74059 -4.05905 0
      vertex 10.5 0 0
      vertex 6.07096 -4.11137 0
    endloop
  endfacet
  facet normal 0 0 -1
    outer loop
      vertex 10.5 0 0
      vertex 6.07096 4.11137 0
      vertex 6.38324 4.23124 0
    endloop
  endfacet
  facet normal 0 0 -1
    outer loop
      vertex 5.74059 4.05905 0
      vertex 10.5 0 0
      vertex 5.74059 -4.05905 0
    endloop
  endfacet
  facet normal 0 0 -1
    outer loop
      vertex 10.5 0 0
      vertex 5.74059 4.05905 0
      vertex 6.07096 4.11137 0
    endloop
  endfacet
  facet normal 0 0 -1
    outer loop
      vertex 5.40656 -4.07655 0
      vertex 5.74059 4.05905 0
      vertex 5.74059 -4.05905 0
    endloop
  endfacet
  facet normal 0 0 -1
    outer loop
      vertex 5.40656 -4.07655 0
      vertex 5.40656 4.07655 0
      vertex 5.74059 4.05905 0
    endloop
  endfacet
  facet normal 0 0 -1
    outer loop
      vertex 0.699997 -2.29369 0
      vertex 5.40656 -4.07655 0
      vertex 5.08346 -4.16313 0
    endloop
  endfacet
  facet normal 0 0 -1
    outer loop
      vertex 5.40656 -4.07655 0
      vertex 0.699997 -2.29369 0
      vertex 5.40656 4.07655 0
    endloop
  endfacet
  facet normal 0 0 -1
    outer loop
      vertex 0.699997 -2.29369 0
      vertex 5.08346 -4.16313 0
      vertex 4.78543 -4.31498 0
    endloop
  endfacet
  facet normal 0 0 -1
    outer loop
      vertex 0.699997 2.29369 0
      vertex 5.40656 4.07655 0
      vertex 0.699997 -2.29369 0
    endloop
  endfacet
  facet normal 0 0 -1
    outer loop
      vertex 0.699997 -2.29369 0
      vertex 4.78543 -4.31498 0
      vertex 4.52548 -4.52548 0
    endloop
  endfacet
  facet normal -0 0 -1
    outer loop
      vertex 5.40656 4.07655 0
      vertex 0.699997 2.29369 0
      vertex 5.08346 4.16313 0
    endloop
  endfacet
  facet normal 0 0 -1
    outer loop
      vertex 0.699997 -2.29369 0
      vertex 4.52548 -4.52548 0
      vertex 4.31498 -4.78543 0
    endloop
  endfacet
  facet normal -0 0 -1
    outer loop
      vertex 5.08346 4.16313 0
      vertex 0.699997 2.29369 0
      vertex 4.78543 4.31498 0
    endloop
  endfacet
  facet normal 0 0 -1
    outer loop
      vertex 0.699997 -2.29369 0
      vertex 4.31498 -4.78543 0
      vertex 4.16313 -5.08346 0
    endloop
  endfacet
  facet normal -0 0 -1
    outer loop
      vertex 4.78543 4.31498 0
      vertex 0.699997 2.29369 0
      vertex 4.52548 4.52548 0
    endloop
  endfacet
  facet normal 0 0 -1
    outer loop
      vertex 0.699997 -2.29369 0
      vertex 4.16313 -5.08346 0
      vertex 4.07655 -5.40656 0
    endloop
  endfacet
  facet normal -0 0 -1
    outer loop
      vertex 4.52548 4.52548 0
      vertex 0.699997 2.29369 0
      vertex 4.31498 4.78543 0
    endloop
  endfacet
  facet normal 0 0 -1
    outer loop
      vertex 0.498978 -2.34755 0
      vertex 4.07655 -5.40656 0
      vertex 4.05905 -5.74059 0
    endloop
  endfacet
  facet normal -0 0 -1
    outer loop
      vertex 4.31498 4.78543 0
      vertex 0.699997 2.29369 0
      vertex 4.16313 5.08346 0
    endloop
  endfacet
  facet normal 0 0 -1
    outer loop
      vertex 6.66377 -4.41342 0
      vertex 9.59223 -4.27073 0
      vertex 6.90029 -4.64994 0
    endloop
  endfacet
  facet normal 0 0 -1
    outer loop
      vertex 6.90029 -4.64994 0
      vertex 9.59223 -4.27073 0
      vertex 7.08246 -4.93047 0
    endloop
  endfacet
  facet normal -0 0 -1
    outer loop
      vertex 9.59223 -4.27073 0
      vertex 6.66377 -4.41342 0
      vertex 9.98609 -3.24468 0
    endloop
  endfacet
  facet normal 0 0 -1
    outer loop
      vertex 9.09327 -5.25 0
      vertex 7.08246 -4.93047 0
      vertex 9.59223 -4.27073 0
    endloop
  endfacet
  facet normal 0 0 -1
    outer loop
      vertex 10.5 0 0
      vertex 7.25466 5.57312 0
      vertex 10.4425 1.09755 0
    endloop
  endfacet
  facet normal 0 0 -1
    outer loop
      vertex 7.08246 -4.93047 0
      vertex 9.09327 -5.25 0
      vertex 7.20234 -5.24274 0
    endloop
  endfacet
  facet normal 0 0 -1
    outer loop
      vertex 10.4425 1.09755 0
      vertex 7.25466 5.57312 0
      vertex 10.2705 2.18307 0
    endloop
  endfacet
  facet normal 0 0 -1
    outer loop
      vertex 7.20234 -5.24274 0
      vertex 9.09327 -5.25 0
      vertex 7.25466 -5.57312 0
    endloop
  endfacet
  facet normal 0 0 -1
    outer loop
      vertex 10.2705 2.18307 0
      vertex 7.25466 5.57312 0
      vertex 9.98609 3.24468 0
    endloop
  endfacet
  facet normal 0 0 -1
    outer loop
      vertex 7.25466 -5.57312 0
      vertex 9.09327 -5.25 0
      vertex 8.49468 -6.17174 0
    endloop
  endfacet
  facet normal 0 0 -1
    outer loop
      vertex 9.98609 3.24468 0
      vertex 7.25466 5.57312 0
      vertex 9.59223 4.27073 0
    endloop
  endfacet
  facet normal 0 0 -1
    outer loop
      vertex 7.15058 -6.23024 0
      vertex 8.49468 -6.17174 0
      vertex 7.80302 -7.02587 0
    endloop
  endfacet
  facet normal 0 0 -1
    outer loop
      vertex 9.59223 4.27073 0
      vertex 7.25466 5.57312 0
      vertex 9.09327 5.25 0
    endloop
  endfacet
  facet normal 0 0 -1
    outer loop
      vertex 9.09327 5.25 0
      vertex 7.25466 5.57312 0
      vertex 8.49468 6.17174 0
    endloop
  endfacet
  facet normal 0 0 -1
    outer loop
      vertex 8.49468 -6.17174 0
      vertex 7.23715 -5.90715 0
      vertex 7.25466 -5.57312 0
    endloop
  endfacet
  facet normal -0 0 -1
    outer loop
      vertex 8.49468 -6.17174 0
      vertex 7.15058 -6.23024 0
      vertex 7.23715 -5.90715 0
    endloop
  endfacet
  facet normal 0 0 -1
    outer loop
      vertex 6.78822 -6.78822 0
      vertex 7.80302 -7.02587 0
      vertex 7.02587 -7.80302 0
    endloop
  endfacet
  facet normal 0 0 -1
    outer loop
      vertex 7.80302 -7.02587 0
      vertex 6.99873 -6.52828 0
      vertex 7.15058 -6.23024 0
    endloop
  endfacet
  facet normal 0 0 -1
    outer loop
      vertex 7.80302 -7.02587 0
      vertex 6.78822 -6.78822 0
      vertex 6.99873 -6.52828 0
    endloop
  endfacet
  facet normal 0 0 -1
    outer loop
      vertex 7.02587 -7.80302 0
      vertex 6.52828 -6.99873 0
      vertex 6.78822 -6.78822 0
    endloop
  endfacet
  facet normal 0 0 -1
    outer loop
      vertex 7.02587 -7.80302 0
      vertex 6.23024 -7.15058 0
      vertex 6.52828 -6.99873 0
    endloop
  endfacet
  facet normal 0 0 -1
    outer loop
      vertex 6.17174 -8.49468 0
      vertex 6.23024 -7.15058 0
      vertex 7.02587 -7.80302 0
    endloop
  endfacet
  facet normal 0 0 -1
    outer loop
      vertex 6.17174 -8.49468 0
      vertex 5.90715 -7.23715 0
      vertex 6.23024 -7.15058 0
    endloop
  endfacet
  facet normal 0 0 -1
    outer loop
      vertex 6.17174 -8.49468 0
      vertex 5.57312 -7.25466 0
      vertex 5.90715 -7.23715 0
    endloop
  endfacet
  facet normal 0 0 -1
    outer loop
      vertex 5.25 -9.09327 0
      vertex 5.57312 -7.25466 0
      vertex 6.17174 -8.49468 0
    endloop
  endfacet
  facet normal 0 0 -1
    outer loop
      vertex 5.25 -9.09327 0
      vertex 5.24274 -7.20234 0
      vertex 5.57312 -7.25466 0
    endloop
  endfacet
  facet normal 0 0 -1
    outer loop
      vertex 5.25 -9.09327 0
      vertex 4.93047 -7.08246 0
      vertex 5.24274 -7.20234 0
    endloop
  endfacet
  facet normal 0 0 -1
    outer loop
      vertex 4.27073 -9.59223 0
      vertex 4.93047 -7.08246 0
      vertex 5.25 -9.09327 0
    endloop
  endfacet
  facet normal -0 0 -1
    outer loop
      vertex 4.93047 -7.08246 0
      vertex 4.27073 -9.59223 0
      vertex 4.64994 -6.90029 0
    endloop
  endfacet
  facet normal -0 0 -1
    outer loop
      vertex 4.64994 -6.90029 0
      vertex 4.27073 -9.59223 0
      vertex 4.41342 -6.66377 0
    endloop
  endfacet
  facet normal 0 0 -1
    outer loop
      vertex 3.24468 -9.98609 0
      vertex 4.41342 -6.66377 0
      vertex 4.27073 -9.59223 0
    endloop
  endfacet
  facet normal -0 0 -1
    outer loop
      vertex 4.41342 -6.66377 0
      vertex 3.24468 -9.98609 0
      vertex 4.23124 -6.38324 0
    endloop
  endfacet
  facet normal 0 0 -1
    outer loop
      vertex 2.18307 -10.2705 0
      vertex 4.23124 -6.38324 0
      vertex 3.24468 -9.98609 0
    endloop
  endfacet
  facet normal 0 0 -1
    outer loop
      vertex 1.09755 -10.4425 0
      vertex 4.11137 -6.07096 0
      vertex 2.18307 -10.2705 0
    endloop
  endfacet
  facet normal -0 0 -1
    outer loop
      vertex 4.23124 -6.38324 0
      vertex 2.18307 -10.2705 0
      vertex 4.11137 -6.07096 0
    endloop
  endfacet
  facet normal 0 0 -1
    outer loop
      vertex 7.23715 5.90715 0
      vertex 8.49468 6.17174 0
      vertex 7.25466 5.57312 0
    endloop
  endfacet
  facet normal 0 0 -1
    outer loop
      vertex 7.15058 6.23024 0
      vertex 8.49468 6.17174 0
      vertex 7.23715 5.90715 0
    endloop
  endfacet
  facet normal 0 0 -1
    outer loop
      vertex 8.49468 6.17174 0
      vertex 7.15058 6.23024 0
      vertex 7.80302 7.02587 0
    endloop
  endfacet
  facet normal 0 0 -1
    outer loop
      vertex 6.99873 6.52828 0
      vertex 7.80302 7.02587 0
      vertex 7.15058 6.23024 0
    endloop
  endfacet
  facet normal 0 0 -1
    outer loop
      vertex 6.78822 6.78822 0
      vertex 7.80302 7.02587 0
      vertex 6.99873 6.52828 0
    endloop
  endfacet
  facet normal -0 0 -1
    outer loop
      vertex 7.80302 7.02587 0
      vertex 6.78822 6.78822 0
      vertex 7.02587 7.80302 0
    endloop
  endfacet
  facet normal 0 0 -1
    outer loop
      vertex 6.52828 6.99873 0
      vertex 7.02587 7.80302 0
      vertex 6.78822 6.78822 0
    endloop
  endfacet
  facet normal 0 0 -1
    outer loop
      vertex 6.23024 7.15058 0
      vertex 7.02587 7.80302 0
      vertex 6.52828 6.99873 0
    endloop
  endfacet
  facet normal 0 0 -1
    outer loop
      vertex 6.23024 7.15058 0
      vertex 6.17174 8.49468 0
      vertex 7.02587 7.80302 0
    endloop
  endfacet
  facet normal 0 0 -1
    outer loop
      vertex 5.90715 7.23715 0
      vertex 6.17174 8.49468 0
      vertex 6.23024 7.15058 0
    endloop
  endfacet
  facet normal 0 0 -1
    outer loop
      vertex 5.57312 7.25466 0
      vertex 6.17174 8.49468 0
      vertex 5.90715 7.23715 0
    endloop
  endfacet
  facet normal 0 0 -1
    outer loop
      vertex 5.57312 7.25466 0
      vertex 5.25 9.09327 0
      vertex 6.17174 8.49468 0
    endloop
  endfacet
  facet normal 0 0 -1
    outer loop
      vertex 5.24274 7.20234 0
      vertex 5.25 9.09327 0
      vertex 5.57312 7.25466 0
    endloop
  endfacet
  facet normal 0 0 -1
    outer loop
      vertex 4.93047 7.08246 0
      vertex 5.25 9.09327 0
      vertex 5.24274 7.20234 0
    endloop
  endfacet
  facet normal 0 0 -1
    outer loop
      vertex 4.27073 9.59223 0
      vertex 4.93047 7.08246 0
      vertex 4.64994 6.90029 0
    endloop
  endfacet
  facet normal 0 0 -1
    outer loop
      vertex 4.27073 9.59223 0
      vertex 4.64994 6.90029 0
      vertex 4.41342 6.66377 0
    endloop
  endfacet
  facet normal 0 0 -1
    outer loop
      vertex 4.93047 7.08246 0
      vertex 4.27073 9.59223 0
      vertex 5.25 9.09327 0
    endloop
  endfacet
  facet normal 0 0 -1
    outer loop
      vertex 3.24468 9.98609 0
      vertex 4.41342 6.66377 0
      vertex 4.23124 6.38324 0
    endloop
  endfacet
  facet normal 0 0 -1
    outer loop
      vertex 2.18307 10.2705 0
      vertex 4.23124 6.38324 0
      vertex 4.11137 6.07096 0
    endloop
  endfacet
  facet normal 0 0 -1
    outer loop
      vertex 1.09755 10.4425 0
      vertex 4.11137 6.07096 0
      vertex 4.05905 5.74059 0
    endloop
  endfacet
  facet normal 0 0 -1
    outer loop
      vertex 4.41342 6.66377 0
      vertex 3.24468 9.98609 0
      vertex 4.27073 9.59223 0
    endloop
  endfacet
  facet normal -0 0 -1
    outer loop
      vertex 4.16313 5.08346 0
      vertex 0.699997 2.29369 0
      vertex 4.07655 5.40656 0
    endloop
  endfacet
  facet normal 0 0 -1
    outer loop
      vertex 0 -10.5 0
      vertex 4.11137 -6.07096 0
      vertex 1.09755 -10.4425 0
    endloop
  endfacet
  facet normal 0 0 -1
    outer loop
      vertex 0.498978 2.34755 0
      vertex 4.07655 5.40656 0
      vertex 0.699997 2.29369 0
    endloop
  endfacet
  facet normal -0 0 -1
    outer loop
      vertex 4.11137 -6.07096 0
      vertex 0 -10.5 0
      vertex 4.05905 -5.74059 0
    endloop
  endfacet
  facet normal 0 0 -1
    outer loop
      vertex 4.23124 6.38324 0
      vertex 2.18307 10.2705 0
      vertex 3.24468 9.98609 0
    endloop
  endfacet
  facet normal 0 0 -1
    outer loop
      vertex 4.11137 6.07096 0
      vertex 1.09755 10.4425 0
      vertex 2.18307 10.2705 0
    endloop
  endfacet
  facet normal 0 0 -1
    outer loop
      vertex 4.07655 -5.40656 0
      vertex 0.498978 -2.34755 0
      vertex 0.699997 -2.29369 0
    endloop
  endfacet
  facet normal 0 0 -1
    outer loop
      vertex 4.05905 -5.74059 0
      vertex 0.250854 -2.38684 0
      vertex 0.498978 -2.34755 0
    endloop
  endfacet
  facet normal 0 0 -1
    outer loop
      vertex 0 -2.39999 0
      vertex 4.05905 -5.74059 0
      vertex 0 -10.5 0
    endloop
  endfacet
  facet normal 0 0 -1
    outer loop
      vertex 4.05905 -5.74059 0
      vertex 0 -2.39999 0
      vertex 0.250854 -2.38684 0
    endloop
  endfacet
  facet normal 0 0 -1
    outer loop
      vertex -4.05905 -5.74059 0
      vertex 0 -2.39999 0
      vertex 0 -10.5 0
    endloop
  endfacet
  facet normal 0 0 -1
    outer loop
      vertex -4.05905 -5.74059 0
      vertex 0 -10.5 0
      vertex -1.09755 -10.4425 0
    endloop
  endfacet
  facet normal -0 0 -1
    outer loop
      vertex 0 -2.39999 0
      vertex -4.05905 -5.74059 0
      vertex -0.250854 -2.38684 0
    endloop
  endfacet
  facet normal 0 0 -1
    outer loop
      vertex -4.07655 -5.40656 0
      vertex -0.498978 -2.34755 0
      vertex -4.05905 -5.74059 0
    endloop
  endfacet
  facet normal -0 0 -1
    outer loop
      vertex -0.250854 -2.38684 0
      vertex -4.05905 -5.74059 0
      vertex -0.498978 -2.34755 0
    endloop
  endfacet
  facet normal -0.0523352 -0.99863 0
    outer loop
      vertex -1.04528 -9.94522 0.5
      vertex 0 -10 12
      vertex -1.04528 -9.94522 12
    endloop
  endfacet
  facet normal -0.0523352 -0.99863 -0
    outer loop
      vertex 0 -10 12
      vertex -1.04528 -9.94522 0.5
      vertex 0 -10 0.5
    endloop
  endfacet
  facet normal -0.99863 0.0523352 0
    outer loop
      vertex -10 0 0.5
      vertex -9.94522 1.04528 12
      vertex -9.94522 1.04528 0.5
    endloop
  endfacet
  facet normal -0.99863 0.0523352 0
    outer loop
      vertex -9.94522 1.04528 12
      vertex -10 0 0.5
      vertex -10 0 12
    endloop
  endfacet
  facet normal -0.358366 -0.933581 0
    outer loop
      vertex -4.06737 -9.13545 0.5
      vertex -3.09017 -9.51056 12
      vertex -4.06737 -9.13545 12
    endloop
  endfacet
  facet normal -0.358366 -0.933581 -0
    outer loop
      vertex -3.09017 -9.51056 12
      vertex -4.06737 -9.13545 0.5
      vertex -3.09017 -9.51056 0.5
    endloop
  endfacet
  facet normal -0.156431 -0.987689 0
    outer loop
      vertex -2.07912 -9.78148 0.5
      vertex -1.04528 -9.94522 12
      vertex -2.07912 -9.78148 12
    endloop
  endfacet
  facet normal -0.156431 -0.987689 -0
    outer loop
      vertex -1.04528 -9.94522 12
      vertex -2.07912 -9.78148 0.5
      vertex -1.04528 -9.94522 0.5
    endloop
  endfacet
  facet normal -0.544637 -0.838672 0
    outer loop
      vertex -5.87785 -8.09017 0.5
      vertex -5 -8.66025 12
      vertex -5.87785 -8.09017 12
    endloop
  endfacet
  facet normal -0.544637 -0.838672 -0
    outer loop
      vertex -5 -8.66025 12
      vertex -5.87785 -8.09017 0.5
      vertex -5 -8.66025 0.5
    endloop
  endfacet
  facet normal 0.707107 -0.707107 0
    outer loop
      vertex 6.69131 -7.43145 12
      vertex 7.43145 -6.69131 0.5
      vertex 7.43145 -6.69131 12
    endloop
  endfacet
  facet normal 0.707107 -0.707107 0
    outer loop
      vertex 7.43145 -6.69131 0.5
      vertex 6.69131 -7.43145 12
      vertex 6.69131 -7.43145 0.5
    endloop
  endfacet
  facet normal 0.706622 0.0370195 0.706622
    outer loop
      vertex 10.4425 1.09755 0
      vertex 10 0 0.5
      vertex 10.5 0 0
    endloop
  endfacet
  facet normal 0.183154 0.683516 0.706584
    outer loop
      vertex 2.18307 10.2705 0
      vertex 2.07912 9.78148 0.5
      vertex 3.09017 9.51056 0.5
    endloop
  endfacet
  facet normal 0.110734 0.69886 0.706635
    outer loop
      vertex 1.09755 10.4425 0
      vertex 1.04528 9.94522 0.5
      vertex 2.18307 10.2705 0
    endloop
  endfacet
  facet normal -0.385378 0.593433 0.706626
    outer loop
      vertex -5.25 9.09327 0
      vertex -5.87785 8.09017 0.5
      vertex -5 8.66025 0.5
    endloop
  endfacet
  facet normal 0.253575 -0.660593 0.706623
    outer loop
      vertex 4.27073 -9.59223 0
      vertex 3.09017 -9.51056 0.5
      vertex 3.24468 -9.98609 0
    endloop
  endfacet
  facet normal -0.698918 -0.110695 0.706583
    outer loop
      vertex -9.94522 -1.04528 0.5
      vertex -10.2705 -2.18307 0
      vertex -9.78148 -2.07912 0.5
    endloop
  endfacet
  facet normal -0.706608 0.0370312 0.706635
    outer loop
      vertex -9.94522 1.04528 0.5
      vertex -10.4425 1.09755 0
      vertex -10 0 0.5
    endloop
  endfacet
  facet normal -0.660593 0.253575 0.706623
    outer loop
      vertex -9.59223 4.27073 0
      vertex -9.98609 3.24468 0
      vertex -9.51056 3.09017 0.5
    endloop
  endfacet
  facet normal 0.183154 -0.683516 0.706584
    outer loop
      vertex 3.09017 -9.51056 0.5
      vertex 2.07912 -9.78148 0.5
      vertex 2.18307 -10.2705 0
    endloop
  endfacet
  facet normal -0.183109 0.683488 0.706622
    outer loop
      vertex -2.18307 10.2705 0
      vertex -3.24468 9.98609 0
      vertex -3.09017 9.51056 0.5
    endloop
  endfacet
  facet normal 0.683488 0.183109 0.706622
    outer loop
      vertex 9.98609 3.24468 0
      vertex 9.51056 3.09017 0.5
      vertex 10.2705 2.18307 0
    endloop
  endfacet
  facet normal 0.660592 0.253576 0.706624
    outer loop
      vertex 9.59223 4.27073 0
      vertex 9.13545 4.06737 0.5
      vertex 9.51056 3.09017 0.5
    endloop
  endfacet
  facet normal -0.683516 -0.183154 0.706584
    outer loop
      vertex -9.78148 -2.07912 0.5
      vertex -10.2705 -2.18307 0
      vertex -9.51056 -3.09017 0.5
    endloop
  endfacet
  facet normal -0.593433 -0.385378 0.706626
    outer loop
      vertex -8.66025 -5 0.5
      vertex -9.09327 -5.25 0
      vertex -8.09017 -5.87785 0.5
    endloop
  endfacet
  facet normal 0.660592 -0.253576 0.706624
    outer loop
      vertex 9.51056 -3.09017 0.5
      vertex 9.13545 -4.06737 0.5
      vertex 9.59223 -4.27073 0
    endloop
  endfacet
  facet normal -0.445302 0.549902 0.706621
    outer loop
      vertex -6.17174 8.49468 0
      vertex -7.02587 7.80302 0
      vertex -5.87785 8.09017 0.5
    endloop
  endfacet
  facet normal 0.445301 0.549907 0.706618
    outer loop
      vertex 7.02587 7.80302 0
      vertex 5.87785 8.09017 0.5
      vertex 6.69131 7.43145 0.5
    endloop
  endfacet
  facet normal -0.706622 0.0370195 0.706622
    outer loop
      vertex -10.4425 1.09755 0
      vertex -10.5 0 0
      vertex -10 0 0.5
    endloop
  endfacet
  facet normal 0.321237 -0.630468 0.706624
    outer loop
      vertex 5.25 -9.09327 0
      vertex 4.06737 -9.13545 0.5
      vertex 4.27073 -9.59223 0
    endloop
  endfacet
  facet normal -0.253575 0.660593 0.706623
    outer loop
      vertex -3.24468 9.98609 0
      vertex -4.27073 9.59223 0
      vertex -3.09017 9.51056 0.5
    endloop
  endfacet
  facet normal -0.660592 0.253576 0.706624
    outer loop
      vertex -9.13545 4.06737 0.5
      vertex -9.59223 4.27073 0
      vertex -9.51056 3.09017 0.5
    endloop
  endfacet
  facet normal -0.385378 -0.593433 0.706626
    outer loop
      vertex -5 -8.66025 0.5
      vertex -5.87785 -8.09017 0.5
      vertex -5.25 -9.09327 0
    endloop
  endfacet
  facet normal -0.445301 0.549907 0.706618
    outer loop
      vertex -5.87785 8.09017 0.5
      vertex -7.02587 7.80302 0
      vertex -6.69131 7.43145 0.5
    endloop
  endfacet
  facet normal 0.445302 -0.549902 0.706621
    outer loop
      vertex 7.02587 -7.80302 0
      vertex 5.87785 -8.09017 0.5
      vertex 6.17174 -8.49468 0
    endloop
  endfacet
  facet normal 0.183109 0.683488 0.706622
    outer loop
      vertex 3.24468 9.98609 0
      vertex 2.18307 10.2705 0
      vertex 3.09017 9.51056 0.5
    endloop
  endfacet
  facet normal -0.0370195 -0.706622 0.706622
    outer loop
      vertex 0 -10 0.5
      vertex -1.09755 -10.4425 0
      vertex 0 -10.5 0
    endloop
  endfacet
  facet normal -0.0370195 0.706622 0.706622
    outer loop
      vertex 0 10.5 0
      vertex -1.09755 10.4425 0
      vertex 0 10 0.5
    endloop
  endfacet
  facet normal 0.500345 -0.500345 0.706618
    outer loop
      vertex 7.43145 -6.69131 0.5
      vertex 7.02587 -7.80302 0
      vertex 7.80302 -7.02587 0
    endloop
  endfacet
  facet normal 0.500345 -0.500345 0.706618
    outer loop
      vertex 7.02587 -7.80302 0
      vertex 7.43145 -6.69131 0.5
      vertex 6.69131 -7.43145 0.5
    endloop
  endfacet
  facet normal 0.253576 -0.660592 0.706624
    outer loop
      vertex 4.06737 -9.13545 0.5
      vertex 3.09017 -9.51056 0.5
      vertex 4.27073 -9.59223 0
    endloop
  endfacet
  facet normal 0.110695 0.698918 0.706583
    outer loop
      vertex 2.18307 10.2705 0
      vertex 1.04528 9.94522 0.5
      vertex 2.07912 9.78148 0.5
    endloop
  endfacet
  facet normal 0.0370312 -0.706608 0.706635
    outer loop
      vertex 1.04528 -9.94522 0.5
      vertex 0 -10 0.5
      vertex 1.09755 -10.4425 0
    endloop
  endfacet
  facet normal 0.445301 -0.549907 0.706618
    outer loop
      vertex 6.69131 -7.43145 0.5
      vertex 5.87785 -8.09017 0.5
      vertex 7.02587 -7.80302 0
    endloop
  endfacet
  facet normal 0.593433 -0.385378 0.706626
    outer loop
      vertex 8.66025 -5 0.5
      vertex 8.09017 -5.87785 0.5
      vertex 9.09327 -5.25 0
    endloop
  endfacet
  facet normal 0.683516 0.183154 0.706584
    outer loop
      vertex 10.2705 2.18307 0
      vertex 9.51056 3.09017 0.5
      vertex 9.78148 2.07912 0.5
    endloop
  endfacet
  facet normal 0.0370195 -0.706622 0.706622
    outer loop
      vertex 0 -10 0.5
      vertex 0 -10.5 0
      vertex 1.09755 -10.4425 0
    endloop
  endfacet
  facet normal 0.660593 -0.253575 0.706623
    outer loop
      vertex 9.98609 -3.24468 0
      vertex 9.51056 -3.09017 0.5
      vertex 9.59223 -4.27073 0
    endloop
  endfacet
  facet normal 0.110734 -0.69886 0.706635
    outer loop
      vertex 2.18307 -10.2705 0
      vertex 1.04528 -9.94522 0.5
      vertex 1.09755 -10.4425 0
    endloop
  endfacet
  facet normal 0.630468 -0.321237 0.706624
    outer loop
      vertex 9.13545 -4.06737 0.5
      vertex 9.09327 -5.25 0
      vertex 9.59223 -4.27073 0
    endloop
  endfacet
  facet normal -0.593435 0.385384 0.706622
    outer loop
      vertex -8.49468 6.17174 0
      vertex -9.09327 5.25 0
      vertex -8.09017 5.87785 0.5
    endloop
  endfacet
  facet normal 0.706622 -0.0370195 0.706622
    outer loop
      vertex 10.5 0 0
      vertex 10 0 0.5
      vertex 10.4425 -1.09755 0
    endloop
  endfacet
  facet normal -0.549907 -0.445301 0.706618
    outer loop
      vertex -7.43145 -6.69131 0.5
      vertex -8.09017 -5.87785 0.5
      vertex -7.80302 -7.02587 0
    endloop
  endfacet
  facet normal -0.183109 -0.683488 0.706622
    outer loop
      vertex -3.09017 -9.51056 0.5
      vertex -3.24468 -9.98609 0
      vertex -2.18307 -10.2705 0
    endloop
  endfacet
  facet normal 0.183109 -0.683488 0.706622
    outer loop
      vertex 3.09017 -9.51056 0.5
      vertex 2.18307 -10.2705 0
      vertex 3.24468 -9.98609 0
    endloop
  endfacet
  facet normal 0.549907 0.445301 0.706618
    outer loop
      vertex 7.80302 7.02587 0
      vertex 7.43145 6.69131 0.5
      vertex 8.09017 5.87785 0.5
    endloop
  endfacet
  facet normal 0.706608 0.0370312 0.706635
    outer loop
      vertex 10.4425 1.09755 0
      vertex 9.94522 1.04528 0.5
      vertex 10 0 0.5
    endloop
  endfacet
  facet normal 0.385378 -0.593433 0.706626
    outer loop
      vertex 5.87785 -8.09017 0.5
      vertex 5 -8.66025 0.5
      vertex 5.25 -9.09327 0
    endloop
  endfacet
  facet normal 0.110695 -0.698918 0.706583
    outer loop
      vertex 2.07912 -9.78148 0.5
      vertex 1.04528 -9.94522 0.5
      vertex 2.18307 -10.2705 0
    endloop
  endfacet
  facet normal 0.549907 -0.445301 0.706618
    outer loop
      vertex 8.09017 -5.87785 0.5
      vertex 7.43145 -6.69131 0.5
      vertex 7.80302 -7.02587 0
    endloop
  endfacet
  facet normal 0.385384 -0.593435 0.706622
    outer loop
      vertex 5.87785 -8.09017 0.5
      vertex 5.25 -9.09327 0
      vertex 6.17174 -8.49468 0
    endloop
  endfacet
  facet normal -0.183154 0.683516 0.706584
    outer loop
      vertex -2.18307 10.2705 0
      vertex -3.09017 9.51056 0.5
      vertex -2.07912 9.78148 0.5
    endloop
  endfacet
  facet normal 0.549902 -0.445302 0.706621
    outer loop
      vertex 8.09017 -5.87785 0.5
      vertex 7.80302 -7.02587 0
      vertex 8.49468 -6.17174 0
    endloop
  endfacet
  facet normal -0.321238 -0.630464 0.706626
    outer loop
      vertex -5 -8.66025 0.5
      vertex -5.25 -9.09327 0
      vertex -4.06737 -9.13545 0.5
    endloop
  endfacet
  facet normal -0.660592 -0.253576 0.706624
    outer loop
      vertex -9.51056 -3.09017 0.5
      vertex -9.59223 -4.27073 0
      vertex -9.13545 -4.06737 0.5
    endloop
  endfacet
  facet normal 0.0370312 0.706608 0.706635
    outer loop
      vertex 1.09755 10.4425 0
      vertex 0 10 0.5
      vertex 1.04528 9.94522 0.5
    endloop
  endfacet
  facet normal -0.69886 -0.110734 0.706635
    outer loop
      vertex -9.94522 -1.04528 0.5
      vertex -10.4425 -1.09755 0
      vertex -10.2705 -2.18307 0
    endloop
  endfacet
  facet normal 0.0370195 0.706622 0.706622
    outer loop
      vertex 0 10.5 0
      vertex 0 10 0.5
      vertex 1.09755 10.4425 0
    endloop
  endfacet
  facet normal 0.630464 0.321238 0.706626
    outer loop
      vertex 9.09327 5.25 0
      vertex 8.66025 5 0.5
      vertex 9.13545 4.06737 0.5
    endloop
  endfacet
  facet normal -0.500345 0.500345 0.706618
    outer loop
      vertex -7.02587 7.80302 0
      vertex -7.43145 6.69131 0.5
      vertex -6.69131 7.43145 0.5
    endloop
  endfacet
  facet normal -0.500345 0.500345 0.706618
    outer loop
      vertex -7.43145 6.69131 0.5
      vertex -7.02587 7.80302 0
      vertex -7.80302 7.02587 0
    endloop
  endfacet
  facet normal -0.253576 -0.660592 0.706624
    outer loop
      vertex -4.06737 -9.13545 0.5
      vertex -4.27073 -9.59223 0
      vertex -3.09017 -9.51056 0.5
    endloop
  endfacet
  facet normal -0.660593 -0.253575 0.706623
    outer loop
      vertex -9.51056 -3.09017 0.5
      vertex -9.98609 -3.24468 0
      vertex -9.59223 -4.27073 0
    endloop
  endfacet
  facet normal 0.385384 0.593435 0.706622
    outer loop
      vertex 6.17174 8.49468 0
      vertex 5.25 9.09327 0
      vertex 5.87785 8.09017 0.5
    endloop
  endfacet
  facet normal 0.549902 0.445302 0.706621
    outer loop
      vertex 8.49468 6.17174 0
      vertex 7.80302 7.02587 0
      vertex 8.09017 5.87785 0.5
    endloop
  endfacet
  facet normal 0.593435 0.385384 0.706622
    outer loop
      vertex 8.49468 6.17174 0
      vertex 8.09017 5.87785 0.5
      vertex 9.09327 5.25 0
    endloop
  endfacet
  facet normal -0.321237 0.630468 0.706624
    outer loop
      vertex -4.27073 9.59223 0
      vertex -5.25 9.09327 0
      vertex -4.06737 9.13545 0.5
    endloop
  endfacet
  facet normal 0.593435 -0.385384 0.706622
    outer loop
      vertex 9.09327 -5.25 0
      vertex 8.09017 -5.87785 0.5
      vertex 8.49468 -6.17174 0
    endloop
  endfacet
  facet normal 0.683488 -0.183109 0.706622
    outer loop
      vertex 10.2705 -2.18307 0
      vertex 9.51056 -3.09017 0.5
      vertex 9.98609 -3.24468 0
    endloop
  endfacet
  facet normal 0.698918 0.110695 0.706583
    outer loop
      vertex 10.2705 2.18307 0
      vertex 9.78148 2.07912 0.5
      vertex 9.94522 1.04528 0.5
    endloop
  endfacet
  facet normal 0.69886 0.110734 0.706635
    outer loop
      vertex 10.2705 2.18307 0
      vertex 9.94522 1.04528 0.5
      vertex 10.4425 1.09755 0
    endloop
  endfacet
  facet normal 0.69886 -0.110734 0.706635
    outer loop
      vertex 10.4425 -1.09755 0
      vertex 9.94522 -1.04528 0.5
      vertex 10.2705 -2.18307 0
    endloop
  endfacet
  facet normal 0.706608 -0.0370312 0.706635
    outer loop
      vertex 10 0 0.5
      vertex 9.94522 -1.04528 0.5
      vertex 10.4425 -1.09755 0
    endloop
  endfacet
  facet normal -0.549902 -0.445302 0.706621
    outer loop
      vertex -8.09017 -5.87785 0.5
      vertex -8.49468 -6.17174 0
      vertex -7.80302 -7.02587 0
    endloop
  endfacet
  facet normal -0.253575 -0.660593 0.706623
    outer loop
      vertex -3.09017 -9.51056 0.5
      vertex -4.27073 -9.59223 0
      vertex -3.24468 -9.98609 0
    endloop
  endfacet
  facet normal -0.630464 -0.321238 0.706626
    outer loop
      vertex -8.66025 -5 0.5
      vertex -9.13545 -4.06737 0.5
      vertex -9.09327 -5.25 0
    endloop
  endfacet
  facet normal -0.183154 -0.683516 0.706584
    outer loop
      vertex -2.07912 -9.78148 0.5
      vertex -3.09017 -9.51056 0.5
      vertex -2.18307 -10.2705 0
    endloop
  endfacet
  facet normal 0.593433 0.385378 0.706626
    outer loop
      vertex 9.09327 5.25 0
      vertex 8.09017 5.87785 0.5
      vertex 8.66025 5 0.5
    endloop
  endfacet
  facet normal 0.683516 -0.183154 0.706584
    outer loop
      vertex 9.78148 -2.07912 0.5
      vertex 9.51056 -3.09017 0.5
      vertex 10.2705 -2.18307 0
    endloop
  endfacet
  facet normal -0.385384 0.593435 0.706622
    outer loop
      vertex -5.25 9.09327 0
      vertex -6.17174 8.49468 0
      vertex -5.87785 8.09017 0.5
    endloop
  endfacet
  facet normal 0.630468 0.321237 0.706624
    outer loop
      vertex 9.59223 4.27073 0
      vertex 9.09327 5.25 0
      vertex 9.13545 4.06737 0.5
    endloop
  endfacet
  facet normal -0.69886 0.110734 0.706635
    outer loop
      vertex -10.2705 2.18307 0
      vertex -10.4425 1.09755 0
      vertex -9.94522 1.04528 0.5
    endloop
  endfacet
  facet normal 0.660593 0.253575 0.706623
    outer loop
      vertex 9.59223 4.27073 0
      vertex 9.51056 3.09017 0.5
      vertex 9.98609 3.24468 0
    endloop
  endfacet
  facet normal 0.321237 0.630468 0.706624
    outer loop
      vertex 4.27073 9.59223 0
      vertex 4.06737 9.13545 0.5
      vertex 5.25 9.09327 0
    endloop
  endfacet
  facet normal -0.253576 0.660592 0.706624
    outer loop
      vertex -3.09017 9.51056 0.5
      vertex -4.27073 9.59223 0
      vertex -4.06737 9.13545 0.5
    endloop
  endfacet
  facet normal 0.253575 0.660593 0.706623
    outer loop
      vertex 3.24468 9.98609 0
      vertex 3.09017 9.51056 0.5
      vertex 4.27073 9.59223 0
    endloop
  endfacet
  facet normal 0.445302 0.549902 0.706621
    outer loop
      vertex 6.17174 8.49468 0
      vertex 5.87785 8.09017 0.5
      vertex 7.02587 7.80302 0
    endloop
  endfacet
  facet normal -0.110734 -0.69886 0.706635
    outer loop
      vertex -1.04528 -9.94522 0.5
      vertex -2.18307 -10.2705 0
      vertex -1.09755 -10.4425 0
    endloop
  endfacet
  facet normal -0.445301 -0.549907 0.706618
    outer loop
      vertex -6.69131 -7.43145 0.5
      vertex -7.02587 -7.80302 0
      vertex -5.87785 -8.09017 0.5
    endloop
  endfacet
  facet normal 0.500345 0.500345 0.706618
    outer loop
      vertex 7.02587 7.80302 0
      vertex 7.43145 6.69131 0.5
      vertex 7.80302 7.02587 0
    endloop
  endfacet
  facet normal 0.500345 0.500345 0.706618
    outer loop
      vertex 7.43145 6.69131 0.5
      vertex 7.02587 7.80302 0
      vertex 6.69131 7.43145 0.5
    endloop
  endfacet
  facet normal -0.683488 0.183109 0.706622
    outer loop
      vertex -9.98609 3.24468 0
      vertex -10.2705 2.18307 0
      vertex -9.51056 3.09017 0.5
    endloop
  endfacet
  facet normal 0.253576 0.660592 0.706624
    outer loop
      vertex 4.27073 9.59223 0
      vertex 3.09017 9.51056 0.5
      vertex 4.06737 9.13545 0.5
    endloop
  endfacet
  facet normal -0.385384 -0.593435 0.706622
    outer loop
      vertex -5.87785 -8.09017 0.5
      vertex -6.17174 -8.49468 0
      vertex -5.25 -9.09327 0
    endloop
  endfacet
  facet normal -0.630468 0.321237 0.706624
    outer loop
      vertex -9.09327 5.25 0
      vertex -9.59223 4.27073 0
      vertex -9.13545 4.06737 0.5
    endloop
  endfacet
  facet normal 0.321238 -0.630464 0.706626
    outer loop
      vertex 5 -8.66025 0.5
      vertex 4.06737 -9.13545 0.5
      vertex 5.25 -9.09327 0
    endloop
  endfacet
  facet normal -0.500345 -0.500345 0.706618
    outer loop
      vertex -7.43145 -6.69131 0.5
      vertex -7.02587 -7.80302 0
      vertex -6.69131 -7.43145 0.5
    endloop
  endfacet
  facet normal -0.500345 -0.500345 0.706618
    outer loop
      vertex -7.02587 -7.80302 0
      vertex -7.43145 -6.69131 0.5
      vertex -7.80302 -7.02587 0
    endloop
  endfacet
  facet normal -0.0370312 -0.706608 0.706635
    outer loop
      vertex -1.04528 -9.94522 0.5
      vertex -1.09755 -10.4425 0
      vertex 0 -10 0.5
    endloop
  endfacet
  facet normal 0.698918 -0.110695 0.706583
    outer loop
      vertex 9.94522 -1.04528 0.5
      vertex 9.78148 -2.07912 0.5
      vertex 10.2705 -2.18307 0
    endloop
  endfacet
  facet normal -0.630468 -0.321237 0.706624
    outer loop
      vertex -9.13545 -4.06737 0.5
      vertex -9.59223 -4.27073 0
      vertex -9.09327 -5.25 0
    endloop
  endfacet
  facet normal -0.0370312 0.706608 0.706635
    outer loop
      vertex 0 10 0.5
      vertex -1.09755 10.4425 0
      vertex -1.04528 9.94522 0.5
    endloop
  endfacet
  facet normal 0.630464 -0.321238 0.706626
    outer loop
      vertex 9.13545 -4.06737 0.5
      vertex 8.66025 -5 0.5
      vertex 9.09327 -5.25 0
    endloop
  endfacet
  facet normal -0.683488 -0.183109 0.706622
    outer loop
      vertex -9.51056 -3.09017 0.5
      vertex -10.2705 -2.18307 0
      vertex -9.98609 -3.24468 0
    endloop
  endfacet
  facet normal -0.110695 0.698918 0.706583
    outer loop
      vertex -1.04528 9.94522 0.5
      vertex -2.18307 10.2705 0
      vertex -2.07912 9.78148 0.5
    endloop
  endfacet
  facet normal -0.593435 -0.385384 0.706622
    outer loop
      vertex -8.09017 -5.87785 0.5
      vertex -9.09327 -5.25 0
      vertex -8.49468 -6.17174 0
    endloop
  endfacet
  facet normal -0.630464 0.321238 0.706626
    outer loop
      vertex -9.09327 5.25 0
      vertex -9.13545 4.06737 0.5
      vertex -8.66025 5 0.5
    endloop
  endfacet
  facet normal -0.593433 0.385378 0.706626
    outer loop
      vertex -8.09017 5.87785 0.5
      vertex -9.09327 5.25 0
      vertex -8.66025 5 0.5
    endloop
  endfacet
  facet normal -0.110695 -0.698918 0.706583
    outer loop
      vertex -2.07912 -9.78148 0.5
      vertex -2.18307 -10.2705 0
      vertex -1.04528 -9.94522 0.5
    endloop
  endfacet
  facet normal -0.698918 0.110695 0.706583
    outer loop
      vertex -9.78148 2.07912 0.5
      vertex -10.2705 2.18307 0
      vertex -9.94522 1.04528 0.5
    endloop
  endfacet
  facet normal -0.321238 0.630464 0.706626
    outer loop
      vertex -4.06737 9.13545 0.5
      vertex -5.25 9.09327 0
      vertex -5 8.66025 0.5
    endloop
  endfacet
  facet normal -0.110734 0.69886 0.706635
    outer loop
      vertex -1.09755 10.4425 0
      vertex -2.18307 10.2705 0
      vertex -1.04528 9.94522 0.5
    endloop
  endfacet
  facet normal 0.385378 0.593433 0.706626
    outer loop
      vertex 5.25 9.09327 0
      vertex 5 8.66025 0.5
      vertex 5.87785 8.09017 0.5
    endloop
  endfacet
  facet normal 0.321238 0.630464 0.706626
    outer loop
      vertex 5.25 9.09327 0
      vertex 4.06737 9.13545 0.5
      vertex 5 8.66025 0.5
    endloop
  endfacet
  facet normal -0.321237 -0.630468 0.706624
    outer loop
      vertex -4.06737 -9.13545 0.5
      vertex -5.25 -9.09327 0
      vertex -4.27073 -9.59223 0
    endloop
  endfacet
  facet normal -0.445302 -0.549902 0.706621
    outer loop
      vertex -5.87785 -8.09017 0.5
      vertex -7.02587 -7.80302 0
      vertex -6.17174 -8.49468 0
    endloop
  endfacet
  facet normal -0.683516 0.183154 0.706584
    outer loop
      vertex -9.51056 3.09017 0.5
      vertex -10.2705 2.18307 0
      vertex -9.78148 2.07912 0.5
    endloop
  endfacet
  facet normal -0.549902 0.445302 0.706621
    outer loop
      vertex -7.80302 7.02587 0
      vertex -8.49468 6.17174 0
      vertex -8.09017 5.87785 0.5
    endloop
  endfacet
  facet normal -0.549907 0.445301 0.706618
    outer loop
      vertex -7.80302 7.02587 0
      vertex -8.09017 5.87785 0.5
      vertex -7.43145 6.69131 0.5
    endloop
  endfacet
  facet normal -0.706608 -0.0370312 0.706635
    outer loop
      vertex -10 0 0.5
      vertex -10.4425 -1.09755 0
      vertex -9.94522 -1.04528 0.5
    endloop
  endfacet
  facet normal -0.706622 -0.0370195 0.706622
    outer loop
      vertex -10 0 0.5
      vertex -10.5 0 0
      vertex -10.4425 -1.09755 0
    endloop
  endfacet
  facet normal 0 0.987688 -0.156434
    outer loop
      vertex 8 -1.6 6
      vertex 0.699997 -1.52169 6.49443
      vertex 8 -1.52169 6.49443
    endloop
  endfacet
  facet normal 0 0.987688 -0.156434
    outer loop
      vertex 0.699997 -1.52169 6.49443
      vertex 8 -1.6 6
      vertex 0.699997 -1.6 6
    endloop
  endfacet
  facet normal 0 0.987688 -0.156434
    outer loop
      vertex -0.699997 -1.6 6
      vertex -8 -1.52169 6.49443
      vertex -0.699997 -1.52169 6.49443
    endloop
  endfacet
  facet normal 0 0.987688 -0.156434
    outer loop
      vertex -8 -1.52169 6.49443
      vertex -0.699997 -1.6 6
      vertex -8 -1.6 6
    endloop
  endfacet
  facet normal 0 0.891009 0.453985
    outer loop
      vertex 8 -1.29443 5.05954
      vertex 0.699997 -1.52169 5.50557
      vertex 8 -1.52169 5.50557
    endloop
  endfacet
  facet normal 0 0.891009 0.453985
    outer loop
      vertex 0.699997 -1.52169 5.50557
      vertex 8 -1.29443 5.05954
      vertex 0.699997 -1.29443 5.05954
    endloop
  endfacet
  facet normal 0 0.891009 0.453985
    outer loop
      vertex -0.699997 -1.29443 5.05954
      vertex -8 -1.52169 5.50557
      vertex -0.699997 -1.52169 5.50557
    endloop
  endfacet
  facet normal 0 0.891009 0.453985
    outer loop
      vertex -8 -1.52169 5.50557
      vertex -0.699997 -1.29443 5.05954
      vertex -8 -1.29443 5.05954
    endloop
  endfacet
  facet normal 0 -0.453986 0.891009
    outer loop
      vertex 0.699997 0.940456 4.70557
      vertex 8 0.494427 4.47831
      vertex 8 0.940456 4.70557
    endloop
  endfacet
  facet normal 0 -0.453986 0.891009
    outer loop
      vertex 8 0.494427 4.47831
      vertex 0.699997 0.940456 4.70557
      vertex 0.699997 0.494427 4.47831
    endloop
  endfacet
  facet normal 0 -0.453986 0.891009
    outer loop
      vertex -8 0.940456 4.70557
      vertex -0.699997 0.494427 4.47831
      vertex -0.699997 0.940456 4.70557
    endloop
  endfacet
  facet normal 0 -0.453986 0.891009
    outer loop
      vertex -0.699997 0.494427 4.47831
      vertex -8 0.940456 4.70557
      vertex -8 0.494427 4.47831
    endloop
  endfacet
  facet normal 0 -0.453986 -0.891009
    outer loop
      vertex 0.699997 0.494427 7.52169
      vertex 8 0.940456 7.29443
      vertex 8 0.494427 7.52169
    endloop
  endfacet
  facet normal -0 -0.453986 -0.891009
    outer loop
      vertex 8 0.940456 7.29443
      vertex 0.699997 0.494427 7.52169
      vertex 0.699997 0.940456 7.29443
    endloop
  endfacet
  facet normal 0 -0.453986 -0.891009
    outer loop
      vertex -8 0.494427 7.52169
      vertex -0.699997 0.940456 7.29443
      vertex -0.699997 0.494427 7.52169
    endloop
  endfacet
  facet normal -0 -0.453986 -0.891009
    outer loop
      vertex -0.699997 0.940456 7.29443
      vertex -8 0.494427 7.52169
      vertex -8 0.940456 7.29443
    endloop
  endfacet
  facet normal -0 0.156435 0.987688
    outer loop
      vertex 0.699997 0 4.4
      vertex 8 -0.494427 4.47831
      vertex 8 0 4.4
    endloop
  endfacet
  facet normal 0 0.156435 0.987688
    outer loop
      vertex 8 -0.494427 4.47831
      vertex 0.699997 0 4.4
      vertex 0.699997 -0.494427 4.47831
    endloop
  endfacet
  facet normal -0 0.156435 0.987688
    outer loop
      vertex -8 0 4.4
      vertex -0.699997 -0.494427 4.47831
      vertex -0.699997 0 4.4
    endloop
  endfacet
  facet normal 0 0.156435 0.987688
    outer loop
      vertex -0.699997 -0.494427 4.47831
      vertex -8 0 4.4
      vertex -8 -0.494427 4.47831
    endloop
  endfacet
  facet normal 0 0.891009 -0.453985
    outer loop
      vertex 8 -1.52169 6.49443
      vertex 0.699997 -1.29443 6.94046
      vertex 8 -1.29443 6.94046
    endloop
  endfacet
  facet normal 0 0.891009 -0.453985
    outer loop
      vertex 0.699997 -1.29443 6.94046
      vertex 8 -1.52169 6.49443
      vertex 0.699997 -1.52169 6.49443
    endloop
  endfacet
  facet normal 0 0.891009 -0.453985
    outer loop
      vertex -0.699997 -1.52169 6.49443
      vertex -8 -1.29443 6.94046
      vertex -0.699997 -1.29443 6.94046
    endloop
  endfacet
  facet normal 0 0.891009 -0.453985
    outer loop
      vertex -8 -1.29443 6.94046
      vertex -0.699997 -1.52169 6.49443
      vertex -8 -1.52169 6.49443
    endloop
  endfacet
  facet normal 0 -0.156435 -0.987688
    outer loop
      vertex 0.699997 0 7.6
      vertex 8 0.494427 7.52169
      vertex 8 0 7.6
    endloop
  endfacet
  facet normal -0 -0.156435 -0.987688
    outer loop
      vertex 8 0.494427 7.52169
      vertex 0.699997 0 7.6
      vertex 0.699997 0.494427 7.52169
    endloop
  endfacet
  facet normal 0 -0.156435 -0.987688
    outer loop
      vertex -8 0 7.6
      vertex -0.699997 0.494427 7.52169
      vertex -0.699997 0 7.6
    endloop
  endfacet
  facet normal -0 -0.156435 -0.987688
    outer loop
      vertex -0.699997 0.494427 7.52169
      vertex -8 0 7.6
      vertex -8 0.494427 7.52169
    endloop
  endfacet
  facet normal 0 -0.707103 0.707111
    outer loop
      vertex 0.699997 0.940456 4.70557
      vertex 8 1.29443 5.05954
      vertex 0.699997 1.29443 5.05954
    endloop
  endfacet
  facet normal 0 -0.707103 0.707111
    outer loop
      vertex 8 1.29443 5.05954
      vertex 0.699997 0.940456 4.70557
      vertex 8 0.940456 4.70557
    endloop
  endfacet
  facet normal 0 -0.707103 0.707111
    outer loop
      vertex -8 0.940456 4.70557
      vertex -0.699997 1.29443 5.05954
      vertex -8 1.29443 5.05954
    endloop
  endfacet
  facet normal 0 -0.707103 0.707111
    outer loop
      vertex -0.699997 1.29443 5.05954
      vertex -8 0.940456 4.70557
      vertex -0.699997 0.940456 4.70557
    endloop
  endfacet
  facet normal 0 -0.987688 -0.156434
    outer loop
      vertex 0.699997 1.6 6
      vertex 8 1.52169 6.49443
      vertex 0.699997 1.52169 6.49443
    endloop
  endfacet
  facet normal 0 -0.987688 -0.156434
    outer loop
      vertex 8 1.52169 6.49443
      vertex 0.699997 1.6 6
      vertex 8 1.6 6
    endloop
  endfacet
  facet normal 0 -0.987688 -0.156434
    outer loop
      vertex -8 1.6 6
      vertex -0.699997 1.52169 6.49443
      vertex -8 1.52169 6.49443
    endloop
  endfacet
  facet normal 0 -0.987688 -0.156434
    outer loop
      vertex -0.699997 1.52169 6.49443
      vertex -8 1.6 6
      vertex -0.699997 1.6 6
    endloop
  endfacet
  facet normal 0 -0.156435 0.987688
    outer loop
      vertex 0.699997 0.494427 4.47831
      vertex 8 0 4.4
      vertex 8 0.494427 4.47831
    endloop
  endfacet
  facet normal 0 -0.156435 0.987688
    outer loop
      vertex 8 0 4.4
      vertex 0.699997 0.494427 4.47831
      vertex 0.699997 0 4.4
    endloop
  endfacet
  facet normal 0 -0.156435 0.987688
    outer loop
      vertex -8 0.494427 4.47831
      vertex -0.699997 0 4.4
      vertex -0.699997 0.494427 4.47831
    endloop
  endfacet
  facet normal 0 -0.156435 0.987688
    outer loop
      vertex -0.699997 0 4.4
      vertex -8 0.494427 4.47831
      vertex -8 0 4.4
    endloop
  endfacet
  facet normal 0 -0.707103 -0.707111
    outer loop
      vertex 0.699997 1.29443 6.94046
      vertex 8 0.940456 7.29443
      vertex 0.699997 0.940456 7.29443
    endloop
  endfacet
  facet normal 0 -0.707103 -0.707111
    outer loop
      vertex 8 0.940456 7.29443
      vertex 0.699997 1.29443 6.94046
      vertex 8 1.29443 6.94046
    endloop
  endfacet
  facet normal 0 -0.707103 -0.707111
    outer loop
      vertex -8 1.29443 6.94046
      vertex -0.699997 0.940456 7.29443
      vertex -8 0.940456 7.29443
    endloop
  endfacet
  facet normal 0 -0.707103 -0.707111
    outer loop
      vertex -0.699997 0.940456 7.29443
      vertex -8 1.29443 6.94046
      vertex -0.699997 1.29443 6.94046
    endloop
  endfacet
  facet normal 0 0.453986 -0.891009
    outer loop
      vertex 0.699997 -0.940456 7.29443
      vertex 8 -0.494427 7.52169
      vertex 8 -0.940456 7.29443
    endloop
  endfacet
  facet normal 0 0.453986 -0.891009
    outer loop
      vertex 8 -0.494427 7.52169
      vertex 0.699997 -0.940456 7.29443
      vertex 0.699997 -0.494427 7.52169
    endloop
  endfacet
  facet normal 0 0.453986 -0.891009
    outer loop
      vertex -8 -0.940456 7.29443
      vertex -0.699997 -0.494427 7.52169
      vertex -0.699997 -0.940456 7.29443
    endloop
  endfacet
  facet normal 0 0.453986 -0.891009
    outer loop
      vertex -0.699997 -0.494427 7.52169
      vertex -8 -0.940456 7.29443
      vertex -8 -0.494427 7.52169
    endloop
  endfacet
  facet normal 0 -0.891009 0.453985
    outer loop
      vertex 0.699997 1.29443 5.05954
      vertex 8 1.52169 5.50557
      vertex 0.699997 1.52169 5.50557
    endloop
  endfacet
  facet normal 0 -0.891009 0.453985
    outer loop
      vertex 8 1.52169 5.50557
      vertex 0.699997 1.29443 5.05954
      vertex 8 1.29443 5.05954
    endloop
  endfacet
  facet normal 0 -0.891009 0.453985
    outer loop
      vertex -8 1.29443 5.05954
      vertex -0.699997 1.52169 5.50557
      vertex -8 1.52169 5.50557
    endloop
  endfacet
  facet normal 0 -0.891009 0.453985
    outer loop
      vertex -0.699997 1.52169 5.50557
      vertex -8 1.29443 5.05954
      vertex -0.699997 1.29443 5.05954
    endloop
  endfacet
  facet normal 0 0.707103 -0.707111
    outer loop
      vertex 8 -1.29443 6.94046
      vertex 0.699997 -0.940456 7.29443
      vertex 8 -0.940456 7.29443
    endloop
  endfacet
  facet normal 0 0.707103 -0.707111
    outer loop
      vertex 0.699997 -0.940456 7.29443
      vertex 8 -1.29443 6.94046
      vertex 0.699997 -1.29443 6.94046
    endloop
  endfacet
  facet normal 0 0.707103 -0.707111
    outer loop
      vertex -0.699997 -1.29443 6.94046
      vertex -8 -0.940456 7.29443
      vertex -0.699997 -0.940456 7.29443
    endloop
  endfacet
  facet normal 0 0.707103 -0.707111
    outer loop
      vertex -8 -0.940456 7.29443
      vertex -0.699997 -1.29443 6.94046
      vertex -8 -1.29443 6.94046
    endloop
  endfacet
  facet normal 0 -0.891009 -0.453985
    outer loop
      vertex 0.699997 1.52169 6.49443
      vertex 8 1.29443 6.94046
      vertex 0.699997 1.29443 6.94046
    endloop
  endfacet
  facet normal 0 -0.891009 -0.453985
    outer loop
      vertex 8 1.29443 6.94046
      vertex 0.699997 1.52169 6.49443
      vertex 8 1.52169 6.49443
    endloop
  endfacet
  facet normal 0 -0.891009 -0.453985
    outer loop
      vertex -8 1.52169 6.49443
      vertex -0.699997 1.29443 6.94046
      vertex -8 1.29443 6.94046
    endloop
  endfacet
  facet normal 0 -0.891009 -0.453985
    outer loop
      vertex -0.699997 1.29443 6.94046
      vertex -8 1.52169 6.49443
      vertex -0.699997 1.52169 6.49443
    endloop
  endfacet
  facet normal 0 0.987688 0.156434
    outer loop
      vertex 8 -1.52169 5.50557
      vertex 0.699997 -1.6 6
      vertex 8 -1.6 6
    endloop
  endfacet
  facet normal 0 0.987688 0.156434
    outer loop
      vertex 0.699997 -1.6 6
      vertex 8 -1.52169 5.50557
      vertex 0.699997 -1.52169 5.50557
    endloop
  endfacet
  facet normal 0 0.987688 0.156434
    outer loop
      vertex -0.699997 -1.52169 5.50557
      vertex -8 -1.6 6
      vertex -0.699997 -1.6 6
    endloop
  endfacet
  facet normal 0 0.987688 0.156434
    outer loop
      vertex -8 -1.6 6
      vertex -0.699997 -1.52169 5.50557
      vertex -8 -1.52169 5.50557
    endloop
  endfacet
  facet normal 0 0.156435 -0.987688
    outer loop
      vertex 0.699997 -0.494427 7.52169
      vertex 8 0 7.6
      vertex 8 -0.494427 7.52169
    endloop
  endfacet
  facet normal 0 0.156435 -0.987688
    outer loop
      vertex 8 0 7.6
      vertex 0.699997 -0.494427 7.52169
      vertex 0.699997 0 7.6
    endloop
  endfacet
  facet normal 0 0.156435 -0.987688
    outer loop
      vertex -8 -0.494427 7.52169
      vertex -0.699997 0 7.6
      vertex -0.699997 -0.494427 7.52169
    endloop
  endfacet
  facet normal 0 0.156435 -0.987688
    outer loop
      vertex -0.699997 0 7.6
      vertex -8 -0.494427 7.52169
      vertex -8 0 7.6
    endloop
  endfacet
  facet normal 0 0.707103 0.707111
    outer loop
      vertex 8 -0.940456 4.70557
      vertex 0.699997 -1.29443 5.05954
      vertex 8 -1.29443 5.05954
    endloop
  endfacet
  facet normal 0 0.707103 0.707111
    outer loop
      vertex 0.699997 -1.29443 5.05954
      vertex 8 -0.940456 4.70557
      vertex 0.699997 -0.940456 4.70557
    endloop
  endfacet
  facet normal 0 0.707103 0.707111
    outer loop
      vertex -0.699997 -0.940456 4.70557
      vertex -8 -1.29443 5.05954
      vertex -0.699997 -1.29443 5.05954
    endloop
  endfacet
  facet normal 0 0.707103 0.707111
    outer loop
      vertex -8 -1.29443 5.05954
      vertex -0.699997 -0.940456 4.70557
      vertex -8 -0.940456 4.70557
    endloop
  endfacet
  facet normal -0 0.453986 0.891009
    outer loop
      vertex 0.699997 -0.494427 4.47831
      vertex 8 -0.940456 4.70557
      vertex 8 -0.494427 4.47831
    endloop
  endfacet
  facet normal 0 0.453986 0.891009
    outer loop
      vertex 8 -0.940456 4.70557
      vertex 0.699997 -0.494427 4.47831
      vertex 0.699997 -0.940456 4.70557
    endloop
  endfacet
  facet normal -0 0.453986 0.891009
    outer loop
      vertex -8 -0.494427 4.47831
      vertex -0.699997 -0.940456 4.70557
      vertex -0.699997 -0.494427 4.47831
    endloop
  endfacet
  facet normal 0 0.453986 0.891009
    outer loop
      vertex -0.699997 -0.940456 4.70557
      vertex -8 -0.494427 4.47831
      vertex -8 -0.940456 4.70557
    endloop
  endfacet
  facet normal 0 -0.987688 0.156434
    outer loop
      vertex 0.699997 1.52169 5.50557
      vertex 8 1.6 6
      vertex 0.699997 1.6 6
    endloop
  endfacet
  facet normal 0 -0.987688 0.156434
    outer loop
      vertex 8 1.6 6
      vertex 0.699997 1.52169 5.50557
      vertex 8 1.52169 5.50557
    endloop
  endfacet
  facet normal 0 -0.987688 0.156434
    outer loop
      vertex -8 1.52169 5.50557
      vertex -0.699997 1.6 6
      vertex -8 1.6 6
    endloop
  endfacet
  facet normal 0 -0.987688 0.156434
    outer loop
      vertex -0.699997 1.6 6
      vertex -8 1.52169 5.50557
      vertex -0.699997 1.52169 5.50557
    endloop
  endfacet
  facet normal -1 0 0
    outer loop
      vertex 8 1.52169 5.50557
      vertex 8 1.52169 6.49443
      vertex 8 1.6 6
    endloop
  endfacet
  facet normal -1 0 0
    outer loop
      vertex 8 1.29443 5.05954
      vertex 8 1.52169 6.49443
      vertex 8 1.52169 5.50557
    endloop
  endfacet
  facet normal -1 0 0
    outer loop
      vertex 8 1.29443 5.05954
      vertex 8 1.29443 6.94046
      vertex 8 1.52169 6.49443
    endloop
  endfacet
  facet normal -1 0 0
    outer loop
      vertex 8 0.940456 4.70557
      vertex 8 1.29443 6.94046
      vertex 8 1.29443 5.05954
    endloop
  endfacet
  facet normal -1 0 0
    outer loop
      vertex 8 0.940456 4.70557
      vertex 8 0.940456 7.29443
      vertex 8 1.29443 6.94046
    endloop
  endfacet
  facet normal -1 0 0
    outer loop
      vertex 8 0.494427 4.47831
      vertex 8 0.940456 7.29443
      vertex 8 0.940456 4.70557
    endloop
  endfacet
  facet normal -1 0 0
    outer loop
      vertex 8 0.494427 4.47831
      vertex 8 0.494427 7.52169
      vertex 8 0.940456 7.29443
    endloop
  endfacet
  facet normal -1 0 0
    outer loop
      vertex 8 0 4.4
      vertex 8 0.494427 7.52169
      vertex 8 0.494427 4.47831
    endloop
  endfacet
  facet normal -1 0 0
    outer loop
      vertex 8 0 4.4
      vertex 8 0 7.6
      vertex 8 0.494427 7.52169
    endloop
  endfacet
  facet normal -1 0 0
    outer loop
      vertex 8 -0.494427 4.47831
      vertex 8 0 7.6
      vertex 8 0 4.4
    endloop
  endfacet
  facet normal -1 0 0
    outer loop
      vertex 8 -0.494427 4.47831
      vertex 8 -0.494427 7.52169
      vertex 8 0 7.6
    endloop
  endfacet
  facet normal -1 0 0
    outer loop
      vertex 8 -0.940456 4.70557
      vertex 8 -0.494427 7.52169
      vertex 8 -0.494427 4.47831
    endloop
  endfacet
  facet normal -1 0 0
    outer loop
      vertex 8 -0.940456 4.70557
      vertex 8 -0.940456 7.29443
      vertex 8 -0.494427 7.52169
    endloop
  endfacet
  facet normal -1 0 0
    outer loop
      vertex 8 -1.29443 5.05954
      vertex 8 -0.940456 7.29443
      vertex 8 -0.940456 4.70557
    endloop
  endfacet
  facet normal -1 0 0
    outer loop
      vertex 8 -1.29443 5.05954
      vertex 8 -1.29443 6.94046
      vertex 8 -0.940456 7.29443
    endloop
  endfacet
  facet normal -1 0 0
    outer loop
      vertex 8 -1.52169 5.50557
      vertex 8 -1.29443 6.94046
      vertex 8 -1.29443 5.05954
    endloop
  endfacet
  facet normal -1 0 0
    outer loop
      vertex 8 -1.52169 5.50557
      vertex 8 -1.52169 6.49443
      vertex 8 -1.29443 6.94046
    endloop
  endfacet
  facet normal -1 0 -0
    outer loop
      vertex 8 -1.52169 6.49443
      vertex 8 -1.52169 5.50557
      vertex 8 -1.6 6
    endloop
  endfacet
  facet normal 1 0 0
    outer loop
      vertex -8 1.52169 6.49443
      vertex -8 1.52169 5.50557
      vertex -8 1.6 6
    endloop
  endfacet
  facet normal 1 0 0
    outer loop
      vertex -8 1.29443 6.94046
      vertex -8 1.52169 5.50557
      vertex -8 1.52169 6.49443
    endloop
  endfacet
  facet normal 1 0 0
    outer loop
      vertex -8 1.29443 6.94046
      vertex -8 1.29443 5.05954
      vertex -8 1.52169 5.50557
    endloop
  endfacet
  facet normal 1 0 0
    outer loop
      vertex -8 0.940456 7.29443
      vertex -8 1.29443 5.05954
      vertex -8 1.29443 6.94046
    endloop
  endfacet
  facet normal 1 0 0
    outer loop
      vertex -8 0.940456 7.29443
      vertex -8 0.940456 4.70557
      vertex -8 1.29443 5.05954
    endloop
  endfacet
  facet normal 1 0 0
    outer loop
      vertex -8 0.494427 7.52169
      vertex -8 0.940456 4.70557
      vertex -8 0.940456 7.29443
    endloop
  endfacet
  facet normal 1 0 0
    outer loop
      vertex -8 0.494427 7.52169
      vertex -8 0.494427 4.47831
      vertex -8 0.940456 4.70557
    endloop
  endfacet
  facet normal 1 0 0
    outer loop
      vertex -8 0 7.6
      vertex -8 0.494427 4.47831
      vertex -8 0.494427 7.52169
    endloop
  endfacet
  facet normal 1 0 0
    outer loop
      vertex -8 0 7.6
      vertex -8 0 4.4
      vertex -8 0.494427 4.47831
    endloop
  endfacet
  facet normal 1 -0 0
    outer loop
      vertex -8 -0.494427 7.52169
      vertex -8 0 4.4
      vertex -8 0 7.6
    endloop
  endfacet
  facet normal 1 0 0
    outer loop
      vertex -8 -0.494427 7.52169
      vertex -8 -0.494427 4.47831
      vertex -8 0 4.4
    endloop
  endfacet
  facet normal 1 -0 0
    outer loop
      vertex -8 -0.940456 7.29443
      vertex -8 -0.494427 4.47831
      vertex -8 -0.494427 7.52169
    endloop
  endfacet
  facet normal 1 0 0
    outer loop
      vertex -8 -0.940456 7.29443
      vertex -8 -0.940456 4.70557
      vertex -8 -0.494427 4.47831
    endloop
  endfacet
  facet normal 1 -0 0
    outer loop
      vertex -8 -1.29443 6.94046
      vertex -8 -0.940456 4.70557
      vertex -8 -0.940456 7.29443
    endloop
  endfacet
  facet normal 1 0 0
    outer loop
      vertex -8 -1.29443 6.94046
      vertex -8 -1.29443 5.05954
      vertex -8 -0.940456 4.70557
    endloop
  endfacet
  facet normal 1 -0 0
    outer loop
      vertex -8 -1.52169 6.49443
      vertex -8 -1.29443 5.05954
      vertex -8 -1.29443 6.94046
    endloop
  endfacet
  facet normal 1 0 0
    outer loop
      vertex -8 -1.52169 6.49443
      vertex -8 -1.52169 5.50557
      vertex -8 -1.29443 5.05954
    endloop
  endfacet
  facet normal 1 0 -0
    outer loop
      vertex -8 -1.52169 5.50557
      vertex -8 -1.52169 6.49443
      vertex -8 -1.6 6
    endloop
  endfacet
  facet normal 0.358396 -0.93357 0
    outer loop
      vertex 4.93047 7.08246 0
      vertex 5.24274 7.20234 12
      vertex 4.93047 7.08246 12
    endloop
  endfacet
  facet normal 0.358396 -0.93357 0
    outer loop
      vertex 5.24274 7.20234 12
      vertex 4.93047 7.08246 0
      vertex 5.24274 7.20234 0
    endloop
  endfacet
  facet normal -0.453969 -0.891017 0
    outer loop
      vertex 6.23024 7.15058 0
      vertex 6.52828 6.99873 12
      vertex 6.23024 7.15058 12
    endloop
  endfacet
  facet normal -0.453969 -0.891017 -0
    outer loop
      vertex 6.52828 6.99873 12
      vertex 6.23024 7.15058 0
      vertex 6.52828 6.99873 0
    endloop
  endfacet
  facet normal -0.629347 -0.777124 0
    outer loop
      vertex 6.52828 6.99873 0
      vertex 6.78822 6.78822 12
      vertex 6.52828 6.99873 12
    endloop
  endfacet
  facet normal -0.629347 -0.777124 -0
    outer loop
      vertex 6.78822 6.78822 12
      vertex 6.52828 6.99873 0
      vertex 6.78822 6.78822 0
    endloop
  endfacet
  facet normal -0.258814 -0.965927 0
    outer loop
      vertex 5.90715 7.23715 0
      vertex 6.23024 7.15058 12
      vertex 5.90715 7.23715 12
    endloop
  endfacet
  facet normal -0.258814 -0.965927 -0
    outer loop
      vertex 6.23024 7.15058 12
      vertex 5.90715 7.23715 0
      vertex 6.23024 7.15058 0
    endloop
  endfacet
  facet normal 0.838668 -0.544643 0
    outer loop
      vertex 4.23124 6.38324 12
      vertex 4.41342 6.66377 0
      vertex 4.41342 6.66377 12
    endloop
  endfacet
  facet normal 0.838668 -0.544643 0
    outer loop
      vertex 4.41342 6.66377 0
      vertex 4.23124 6.38324 12
      vertex 4.23124 6.38324 0
    endloop
  endfacet
  facet normal 0.544622 -0.838682 0
    outer loop
      vertex 4.64994 6.90029 0
      vertex 4.93047 7.08246 12
      vertex 4.64994 6.90029 12
    endloop
  endfacet
  facet normal 0.544622 -0.838682 0
    outer loop
      vertex 4.93047 7.08246 12
      vertex 4.64994 6.90029 0
      vertex 4.93047 7.08246 0
    endloop
  endfacet
  facet normal -0.838682 0.544622 0
    outer loop
      vertex 6.90029 4.64994 0
      vertex 7.08246 4.93047 12
      vertex 7.08246 4.93047 0
    endloop
  endfacet
  facet normal -0.838682 0.544622 0
    outer loop
      vertex 7.08246 4.93047 12
      vertex 6.90029 4.64994 0
      vertex 6.90029 4.64994 12
    endloop
  endfacet
  facet normal -0.0523486 -0.998629 0
    outer loop
      vertex 5.57312 7.25466 0
      vertex 5.90715 7.23715 12
      vertex 5.57312 7.25466 12
    endloop
  endfacet
  facet normal -0.0523486 -0.998629 -0
    outer loop
      vertex 5.90715 7.23715 12
      vertex 5.57312 7.25466 0
      vertex 5.90715 7.23715 0
    endloop
  endfacet
  facet normal 0.987691 -0.156419 0
    outer loop
      vertex 4.05905 5.74059 12
      vertex 4.11137 6.07096 0
      vertex 4.11137 6.07096 12
    endloop
  endfacet
  facet normal 0.987691 -0.156419 0
    outer loop
      vertex 4.11137 6.07096 0
      vertex 4.05905 5.74059 12
      vertex 4.05905 5.74059 0
    endloop
  endfacet
  facet normal -0.987692 0.156414 0
    outer loop
      vertex 7.20234 5.24274 0
      vertex 7.25466 5.57312 12
      vertex 7.25466 5.57312 0
    endloop
  endfacet
  facet normal -0.987692 0.156414 0
    outer loop
      vertex 7.25466 5.57312 12
      vertex 7.20234 5.24274 0
      vertex 7.20234 5.24274 12
    endloop
  endfacet
  facet normal -0.965927 -0.258814 0
    outer loop
      vertex 7.23715 5.90715 0
      vertex 7.15058 6.23024 12
      vertex 7.15058 6.23024 0
    endloop
  endfacet
  facet normal -0.965927 -0.258814 0
    outer loop
      vertex 7.15058 6.23024 12
      vertex 7.23715 5.90715 0
      vertex 7.23715 5.90715 12
    endloop
  endfacet
  facet normal 0.0523188 0.99863 -0
    outer loop
      vertex 5.74059 4.05905 0
      vertex 5.40656 4.07655 12
      vertex 5.74059 4.05905 12
    endloop
  endfacet
  facet normal 0.0523188 0.99863 0
    outer loop
      vertex 5.40656 4.07655 12
      vertex 5.74059 4.05905 0
      vertex 5.40656 4.07655 0
    endloop
  endfacet
  facet normal 0.777151 0.629314 0
    outer loop
      vertex 4.52548 4.52548 12
      vertex 4.31498 4.78543 0
      vertex 4.31498 4.78543 12
    endloop
  endfacet
  facet normal 0.777151 0.629314 0
    outer loop
      vertex 4.31498 4.78543 0
      vertex 4.52548 4.52548 12
      vertex 4.52548 4.52548 0
    endloop
  endfacet
  facet normal -0.35836 0.933583 0
    outer loop
      vertex 6.38324 4.23124 0
      vertex 6.07096 4.11137 12
      vertex 6.38324 4.23124 12
    endloop
  endfacet
  facet normal -0.35836 0.933583 0
    outer loop
      vertex 6.07096 4.11137 12
      vertex 6.38324 4.23124 0
      vertex 6.07096 4.11137 0
    endloop
  endfacet
  facet normal -0.777124 -0.629347 0
    outer loop
      vertex 6.99873 6.52828 0
      vertex 6.78822 6.78822 12
      vertex 6.78822 6.78822 0
    endloop
  endfacet
  facet normal -0.777124 -0.629347 0
    outer loop
      vertex 6.78822 6.78822 12
      vertex 6.99873 6.52828 0
      vertex 6.99873 6.52828 12
    endloop
  endfacet
  facet normal -0.998629 -0.0523486 0
    outer loop
      vertex 7.25466 5.57312 0
      vertex 7.23715 5.90715 12
      vertex 7.23715 5.90715 0
    endloop
  endfacet
  facet normal -0.998629 -0.0523486 0
    outer loop
      vertex 7.23715 5.90715 12
      vertex 7.25466 5.57312 0
      vertex 7.25466 5.57312 12
    endloop
  endfacet
  facet normal -0.891017 -0.453969 0
    outer loop
      vertex 7.15058 6.23024 0
      vertex 6.99873 6.52828 12
      vertex 6.99873 6.52828 0
    endloop
  endfacet
  facet normal -0.891017 -0.453969 0
    outer loop
      vertex 6.99873 6.52828 12
      vertex 7.15058 6.23024 0
      vertex 7.15058 6.23024 12
    endloop
  endfacet
  facet normal 0.258835 0.965922 -0
    outer loop
      vertex 5.40656 4.07655 0
      vertex 5.08346 4.16313 12
      vertex 5.40656 4.07655 12
    endloop
  endfacet
  facet normal 0.258835 0.965922 0
    outer loop
      vertex 5.08346 4.16313 12
      vertex 5.40656 4.07655 0
      vertex 5.08346 4.16313 0
    endloop
  endfacet
  facet normal 0.99863 0.0523188 0
    outer loop
      vertex 4.07655 5.40656 12
      vertex 4.05905 5.74059 0
      vertex 4.05905 5.74059 12
    endloop
  endfacet
  facet normal 0.99863 0.0523188 0
    outer loop
      vertex 4.05905 5.74059 0
      vertex 4.07655 5.40656 12
      vertex 4.07655 5.40656 0
    endloop
  endfacet
  facet normal -0.93357 0.358396 0
    outer loop
      vertex 7.08246 4.93047 0
      vertex 7.20234 5.24274 12
      vertex 7.20234 5.24274 0
    endloop
  endfacet
  facet normal -0.93357 0.358396 0
    outer loop
      vertex 7.20234 5.24274 12
      vertex 7.08246 4.93047 0
      vertex 7.08246 4.93047 12
    endloop
  endfacet
  facet normal 0.965922 0.258835 0
    outer loop
      vertex 4.16313 5.08346 12
      vertex 4.07655 5.40656 0
      vertex 4.07655 5.40656 12
    endloop
  endfacet
  facet normal 0.965922 0.258835 0
    outer loop
      vertex 4.07655 5.40656 0
      vertex 4.16313 5.08346 12
      vertex 4.16313 5.08346 0
    endloop
  endfacet
  facet normal 0.156414 -0.987692 0
    outer loop
      vertex 5.24274 7.20234 0
      vertex 5.57312 7.25466 12
      vertex 5.24274 7.20234 12
    endloop
  endfacet
  facet normal 0.156414 -0.987692 0
    outer loop
      vertex 5.57312 7.25466 12
      vertex 5.24274 7.20234 0
      vertex 5.57312 7.25466 0
    endloop
  endfacet
  facet normal 0.933583 -0.35836 0
    outer loop
      vertex 4.11137 6.07096 12
      vertex 4.23124 6.38324 0
      vertex 4.23124 6.38324 12
    endloop
  endfacet
  facet normal 0.933583 -0.35836 0
    outer loop
      vertex 4.23124 6.38324 0
      vertex 4.11137 6.07096 12
      vertex 4.11137 6.07096 0
    endloop
  endfacet
  facet normal -0.707107 0.707107 0
    outer loop
      vertex 6.66377 4.41342 0
      vertex 6.90029 4.64994 12
      vertex 6.90029 4.64994 0
    endloop
  endfacet
  facet normal -0.707107 0.707107 0
    outer loop
      vertex 6.90029 4.64994 12
      vertex 6.66377 4.41342 0
      vertex 6.66377 4.41342 12
    endloop
  endfacet
  facet normal 0.707107 -0.707107 0
    outer loop
      vertex 4.41342 6.66377 12
      vertex 4.64994 6.90029 0
      vertex 4.64994 6.90029 12
    endloop
  endfacet
  facet normal 0.707107 -0.707107 0
    outer loop
      vertex 4.64994 6.90029 0
      vertex 4.41342 6.66377 12
      vertex 4.41342 6.66377 0
    endloop
  endfacet
  facet normal 0.453981 0.891011 -0
    outer loop
      vertex 5.08346 4.16313 0
      vertex 4.78543 4.31498 12
      vertex 5.08346 4.16313 12
    endloop
  endfacet
  facet normal 0.453981 0.891011 0
    outer loop
      vertex 4.78543 4.31498 12
      vertex 5.08346 4.16313 0
      vertex 4.78543 4.31498 0
    endloop
  endfacet
  facet normal -0.156419 0.987691 0
    outer loop
      vertex 6.07096 4.11137 0
      vertex 5.74059 4.05905 12
      vertex 6.07096 4.11137 12
    endloop
  endfacet
  facet normal -0.156419 0.987691 0
    outer loop
      vertex 5.74059 4.05905 12
      vertex 6.07096 4.11137 0
      vertex 5.74059 4.05905 0
    endloop
  endfacet
  facet normal -0.544643 0.838668 0
    outer loop
      vertex 6.66377 4.41342 0
      vertex 6.38324 4.23124 12
      vertex 6.66377 4.41342 12
    endloop
  endfacet
  facet normal -0.544643 0.838668 0
    outer loop
      vertex 6.38324 4.23124 12
      vertex 6.66377 4.41342 0
      vertex 6.38324 4.23124 0
    endloop
  endfacet
  facet normal 0.629314 0.777151 -0
    outer loop
      vertex 4.78543 4.31498 0
      vertex 4.52548 4.52548 12
      vertex 4.78543 4.31498 12
    endloop
  endfacet
  facet normal 0.629314 0.777151 0
    outer loop
      vertex 4.52548 4.52548 12
      vertex 4.78543 4.31498 0
      vertex 4.52548 4.52548 0
    endloop
  endfacet
  facet normal 0.891011 0.453981 0
    outer loop
      vertex 4.31498 4.78543 12
      vertex 4.16313 5.08346 0
      vertex 4.16313 5.08346 12
    endloop
  endfacet
  facet normal 0.891011 0.453981 0
    outer loop
      vertex 4.16313 5.08346 0
      vertex 4.31498 4.78543 12
      vertex 4.31498 4.78543 0
    endloop
  endfacet
  facet normal 0.93357 0.358396 0
    outer loop
      vertex -7.08246 4.93047 12
      vertex -7.20234 5.24274 0
      vertex -7.20234 5.24274 12
    endloop
  endfacet
  facet normal 0.93357 0.358396 0
    outer loop
      vertex -7.20234 5.24274 0
      vertex -7.08246 4.93047 12
      vertex -7.08246 4.93047 0
    endloop
  endfacet
  facet normal 0.891017 -0.453969 0
    outer loop
      vertex -7.15058 6.23024 12
      vertex -6.99873 6.52828 0
      vertex -6.99873 6.52828 12
    endloop
  endfacet
  facet normal 0.891017 -0.453969 0
    outer loop
      vertex -6.99873 6.52828 0
      vertex -7.15058 6.23024 12
      vertex -7.15058 6.23024 0
    endloop
  endfacet
  facet normal 0.777124 -0.629347 0
    outer loop
      vertex -6.99873 6.52828 12
      vertex -6.78822 6.78822 0
      vertex -6.78822 6.78822 12
    endloop
  endfacet
  facet normal 0.777124 -0.629347 0
    outer loop
      vertex -6.78822 6.78822 0
      vertex -6.99873 6.52828 12
      vertex -6.99873 6.52828 0
    endloop
  endfacet
  facet normal 0.965927 -0.258814 0
    outer loop
      vertex -7.23715 5.90715 12
      vertex -7.15058 6.23024 0
      vertex -7.15058 6.23024 12
    endloop
  endfacet
  facet normal 0.965927 -0.258814 0
    outer loop
      vertex -7.15058 6.23024 0
      vertex -7.23715 5.90715 12
      vertex -7.23715 5.90715 0
    endloop
  endfacet
  facet normal 0.544643 0.838668 -0
    outer loop
      vertex -6.38324 4.23124 0
      vertex -6.66377 4.41342 12
      vertex -6.38324 4.23124 12
    endloop
  endfacet
  facet normal 0.544643 0.838668 0
    outer loop
      vertex -6.66377 4.41342 12
      vertex -6.38324 4.23124 0
      vertex -6.66377 4.41342 0
    endloop
  endfacet
  facet normal -0.544622 -0.838682 0
    outer loop
      vertex -4.93047 7.08246 0
      vertex -4.64994 6.90029 12
      vertex -4.93047 7.08246 12
    endloop
  endfacet
  facet normal -0.544622 -0.838682 -0
    outer loop
      vertex -4.64994 6.90029 12
      vertex -4.93047 7.08246 0
      vertex -4.64994 6.90029 0
    endloop
  endfacet
  facet normal 0.998629 -0.0523486 0
    outer loop
      vertex -7.25466 5.57312 12
      vertex -7.23715 5.90715 0
      vertex -7.23715 5.90715 12
    endloop
  endfacet
  facet normal 0.998629 -0.0523486 0
    outer loop
      vertex -7.23715 5.90715 0
      vertex -7.25466 5.57312 12
      vertex -7.25466 5.57312 0
    endloop
  endfacet
  facet normal 0.156419 0.987691 -0
    outer loop
      vertex -5.74059 4.05905 0
      vertex -6.07096 4.11137 12
      vertex -5.74059 4.05905 12
    endloop
  endfacet
  facet normal 0.156419 0.987691 0
    outer loop
      vertex -6.07096 4.11137 12
      vertex -5.74059 4.05905 0
      vertex -6.07096 4.11137 0
    endloop
  endfacet
  facet normal 0.258814 -0.965927 0
    outer loop
      vertex -6.23024 7.15058 0
      vertex -5.90715 7.23715 12
      vertex -6.23024 7.15058 12
    endloop
  endfacet
  facet normal 0.258814 -0.965927 0
    outer loop
      vertex -5.90715 7.23715 12
      vertex -6.23024 7.15058 0
      vertex -5.90715 7.23715 0
    endloop
  endfacet
  facet normal -0.99863 0.0523188 0
    outer loop
      vertex -4.07655 5.40656 0
      vertex -4.05905 5.74059 12
      vertex -4.05905 5.74059 0
    endloop
  endfacet
  facet normal -0.99863 0.0523188 0
    outer loop
      vertex -4.05905 5.74059 12
      vertex -4.07655 5.40656 0
      vertex -4.07655 5.40656 12
    endloop
  endfacet
  facet normal -0.629314 0.777151 0
    outer loop
      vertex -4.52548 4.52548 0
      vertex -4.78543 4.31498 12
      vertex -4.52548 4.52548 12
    endloop
  endfacet
  facet normal -0.629314 0.777151 0
    outer loop
      vertex -4.78543 4.31498 12
      vertex -4.52548 4.52548 0
      vertex -4.78543 4.31498 0
    endloop
  endfacet
  facet normal -0.358396 -0.93357 0
    outer loop
      vertex -5.24274 7.20234 0
      vertex -4.93047 7.08246 12
      vertex -5.24274 7.20234 12
    endloop
  endfacet
  facet normal -0.358396 -0.93357 -0
    outer loop
      vertex -4.93047 7.08246 12
      vertex -5.24274 7.20234 0
      vertex -4.93047 7.08246 0
    endloop
  endfacet
  facet normal 0.629347 -0.777124 0
    outer loop
      vertex -6.78822 6.78822 0
      vertex -6.52828 6.99873 12
      vertex -6.78822 6.78822 12
    endloop
  endfacet
  facet normal 0.629347 -0.777124 0
    outer loop
      vertex -6.52828 6.99873 12
      vertex -6.78822 6.78822 0
      vertex -6.52828 6.99873 0
    endloop
  endfacet
  facet normal 0.0523486 -0.998629 0
    outer loop
      vertex -5.90715 7.23715 0
      vertex -5.57312 7.25466 12
      vertex -5.90715 7.23715 12
    endloop
  endfacet
  facet normal 0.0523486 -0.998629 0
    outer loop
      vertex -5.57312 7.25466 12
      vertex -5.90715 7.23715 0
      vertex -5.57312 7.25466 0
    endloop
  endfacet
  facet normal 0.453969 -0.891017 0
    outer loop
      vertex -6.52828 6.99873 0
      vertex -6.23024 7.15058 12
      vertex -6.52828 6.99873 12
    endloop
  endfacet
  facet normal 0.453969 -0.891017 0
    outer loop
      vertex -6.23024 7.15058 12
      vertex -6.52828 6.99873 0
      vertex -6.23024 7.15058 0
    endloop
  endfacet
  facet normal -0.965922 0.258835 0
    outer loop
      vertex -4.16313 5.08346 0
      vertex -4.07655 5.40656 12
      vertex -4.07655 5.40656 0
    endloop
  endfacet
  facet normal -0.965922 0.258835 0
    outer loop
      vertex -4.07655 5.40656 12
      vertex -4.16313 5.08346 0
      vertex -4.16313 5.08346 12
    endloop
  endfacet
  facet normal -0.0523188 0.99863 0
    outer loop
      vertex -5.40656 4.07655 0
      vertex -5.74059 4.05905 12
      vertex -5.40656 4.07655 12
    endloop
  endfacet
  facet normal -0.0523188 0.99863 0
    outer loop
      vertex -5.74059 4.05905 12
      vertex -5.40656 4.07655 0
      vertex -5.74059 4.05905 0
    endloop
  endfacet
  facet normal -0.258835 0.965922 0
    outer loop
      vertex -5.08346 4.16313 0
      vertex -5.40656 4.07655 12
      vertex -5.08346 4.16313 12
    endloop
  endfacet
  facet normal -0.258835 0.965922 0
    outer loop
      vertex -5.40656 4.07655 12
      vertex -5.08346 4.16313 0
      vertex -5.40656 4.07655 0
    endloop
  endfacet
  facet normal 0.987692 0.156414 0
    outer loop
      vertex -7.20234 5.24274 12
      vertex -7.25466 5.57312 0
      vertex -7.25466 5.57312 12
    endloop
  endfacet
  facet normal 0.987692 0.156414 0
    outer loop
      vertex -7.25466 5.57312 0
      vertex -7.20234 5.24274 12
      vertex -7.20234 5.24274 0
    endloop
  endfacet
  facet normal 0.838682 0.544622 0
    outer loop
      vertex -6.90029 4.64994 12
      vertex -7.08246 4.93047 0
      vertex -7.08246 4.93047 12
    endloop
  endfacet
  facet normal 0.838682 0.544622 0
    outer loop
      vertex -7.08246 4.93047 0
      vertex -6.90029 4.64994 12
      vertex -6.90029 4.64994 0
    endloop
  endfacet
  facet normal 0.35836 0.933583 -0
    outer loop
      vertex -6.07096 4.11137 0
      vertex -6.38324 4.23124 12
      vertex -6.07096 4.11137 12
    endloop
  endfacet
  facet normal 0.35836 0.933583 0
    outer loop
      vertex -6.38324 4.23124 12
      vertex -6.07096 4.11137 0
      vertex -6.38324 4.23124 0
    endloop
  endfacet
  facet normal 0.707107 0.707107 0
    outer loop
      vertex -6.66377 4.41342 12
      vertex -6.90029 4.64994 0
      vertex -6.90029 4.64994 12
    endloop
  endfacet
  facet normal 0.707107 0.707107 0
    outer loop
      vertex -6.90029 4.64994 0
      vertex -6.66377 4.41342 12
      vertex -6.66377 4.41342 0
    endloop
  endfacet
  facet normal -0.891011 0.453981 0
    outer loop
      vertex -4.31498 4.78543 0
      vertex -4.16313 5.08346 12
      vertex -4.16313 5.08346 0
    endloop
  endfacet
  facet normal -0.891011 0.453981 0
    outer loop
      vertex -4.16313 5.08346 12
      vertex -4.31498 4.78543 0
      vertex -4.31498 4.78543 12
    endloop
  endfacet
  facet normal -0.707107 -0.707107 0
    outer loop
      vertex -4.41342 6.66377 0
      vertex -4.64994 6.90029 12
      vertex -4.64994 6.90029 0
    endloop
  endfacet
  facet normal -0.707107 -0.707107 0
    outer loop
      vertex -4.64994 6.90029 12
      vertex -4.41342 6.66377 0
      vertex -4.41342 6.66377 12
    endloop
  endfacet
  facet normal -0.987691 -0.156419 0
    outer loop
      vertex -4.05905 5.74059 0
      vertex -4.11137 6.07096 12
      vertex -4.11137 6.07096 0
    endloop
  endfacet
  facet normal -0.987691 -0.156419 0
    outer loop
      vertex -4.11137 6.07096 12
      vertex -4.05905 5.74059 0
      vertex -4.05905 5.74059 12
    endloop
  endfacet
  facet normal -0.838668 -0.544643 0
    outer loop
      vertex -4.23124 6.38324 0
      vertex -4.41342 6.66377 12
      vertex -4.41342 6.66377 0
    endloop
  endfacet
  facet normal -0.838668 -0.544643 0
    outer loop
      vertex -4.41342 6.66377 12
      vertex -4.23124 6.38324 0
      vertex -4.23124 6.38324 12
    endloop
  endfacet
  facet normal -0.156414 -0.987692 0
    outer loop
      vertex -5.57312 7.25466 0
      vertex -5.24274 7.20234 12
      vertex -5.57312 7.25466 12
    endloop
  endfacet
  facet normal -0.156414 -0.987692 -0
    outer loop
      vertex -5.24274 7.20234 12
      vertex -5.57312 7.25466 0
      vertex -5.24274 7.20234 0
    endloop
  endfacet
  facet normal -0.777151 0.629314 0
    outer loop
      vertex -4.52548 4.52548 0
      vertex -4.31498 4.78543 12
      vertex -4.31498 4.78543 0
    endloop
  endfacet
  facet normal -0.777151 0.629314 0
    outer loop
      vertex -4.31498 4.78543 12
      vertex -4.52548 4.52548 0
      vertex -4.52548 4.52548 12
    endloop
  endfacet
  facet normal -0.933583 -0.35836 0
    outer loop
      vertex -4.11137 6.07096 0
      vertex -4.23124 6.38324 12
      vertex -4.23124 6.38324 0
    endloop
  endfacet
  facet normal -0.933583 -0.35836 0
    outer loop
      vertex -4.23124 6.38324 12
      vertex -4.11137 6.07096 0
      vertex -4.11137 6.07096 12
    endloop
  endfacet
  facet normal -0.453981 0.891011 0
    outer loop
      vertex -4.78543 4.31498 0
      vertex -5.08346 4.16313 12
      vertex -4.78543 4.31498 12
    endloop
  endfacet
  facet normal -0.453981 0.891011 0
    outer loop
      vertex -5.08346 4.16313 12
      vertex -4.78543 4.31498 0
      vertex -5.08346 4.16313 0
    endloop
  endfacet
  facet normal -0.99863 -0.0523188 0
    outer loop
      vertex -4.05905 -5.74059 0
      vertex -4.07655 -5.40656 12
      vertex -4.07655 -5.40656 0
    endloop
  endfacet
  facet normal -0.99863 -0.0523188 0
    outer loop
      vertex -4.07655 -5.40656 12
      vertex -4.05905 -5.74059 0
      vertex -4.05905 -5.74059 12
    endloop
  endfacet
  facet normal -0.358396 0.93357 0
    outer loop
      vertex -4.93047 -7.08246 0
      vertex -5.24274 -7.20234 12
      vertex -4.93047 -7.08246 12
    endloop
  endfacet
  facet normal -0.358396 0.93357 0
    outer loop
      vertex -5.24274 -7.20234 12
      vertex -4.93047 -7.08246 0
      vertex -5.24274 -7.20234 0
    endloop
  endfacet
  facet normal 0.258814 0.965927 -0
    outer loop
      vertex -5.90715 -7.23715 0
      vertex -6.23024 -7.15058 12
      vertex -5.90715 -7.23715 12
    endloop
  endfacet
  facet normal 0.258814 0.965927 0
    outer loop
      vertex -6.23024 -7.15058 12
      vertex -5.90715 -7.23715 0
      vertex -6.23024 -7.15058 0
    endloop
  endfacet
  facet normal -0.838668 0.544643 0
    outer loop
      vertex -4.41342 -6.66377 0
      vertex -4.23124 -6.38324 12
      vertex -4.23124 -6.38324 0
    endloop
  endfacet
  facet normal -0.838668 0.544643 0
    outer loop
      vertex -4.23124 -6.38324 12
      vertex -4.41342 -6.66377 0
      vertex -4.41342 -6.66377 12
    endloop
  endfacet
  facet normal -0.0523188 -0.99863 0
    outer loop
      vertex -5.74059 -4.05905 0
      vertex -5.40656 -4.07655 12
      vertex -5.74059 -4.05905 12
    endloop
  endfacet
  facet normal -0.0523188 -0.99863 -0
    outer loop
      vertex -5.40656 -4.07655 12
      vertex -5.74059 -4.05905 0
      vertex -5.40656 -4.07655 0
    endloop
  endfacet
  facet normal 0.629347 0.777124 -0
    outer loop
      vertex -6.52828 -6.99873 0
      vertex -6.78822 -6.78822 12
      vertex -6.52828 -6.99873 12
    endloop
  endfacet
  facet normal 0.629347 0.777124 0
    outer loop
      vertex -6.78822 -6.78822 12
      vertex -6.52828 -6.99873 0
      vertex -6.78822 -6.78822 0
    endloop
  endfacet
  facet normal 0.838682 -0.544622 0
    outer loop
      vertex -7.08246 -4.93047 12
      vertex -6.90029 -4.64994 0
      vertex -6.90029 -4.64994 12
    endloop
  endfacet
  facet normal 0.838682 -0.544622 0
    outer loop
      vertex -6.90029 -4.64994 0
      vertex -7.08246 -4.93047 12
      vertex -7.08246 -4.93047 0
    endloop
  endfacet
  facet normal 0.0523486 0.998629 -0
    outer loop
      vertex -5.57312 -7.25466 0
      vertex -5.90715 -7.23715 12
      vertex -5.57312 -7.25466 12
    endloop
  endfacet
  facet normal 0.0523486 0.998629 0
    outer loop
      vertex -5.90715 -7.23715 12
      vertex -5.57312 -7.25466 0
      vertex -5.90715 -7.23715 0
    endloop
  endfacet
  facet normal -0.987691 0.156419 0
    outer loop
      vertex -4.11137 -6.07096 0
      vertex -4.05905 -5.74059 12
      vertex -4.05905 -5.74059 0
    endloop
  endfacet
  facet normal -0.987691 0.156419 0
    outer loop
      vertex -4.05905 -5.74059 12
      vertex -4.11137 -6.07096 0
      vertex -4.11137 -6.07096 12
    endloop
  endfacet
  facet normal 0.965927 0.258814 0
    outer loop
      vertex -7.15058 -6.23024 12
      vertex -7.23715 -5.90715 0
      vertex -7.23715 -5.90715 12
    endloop
  endfacet
  facet normal 0.965927 0.258814 0
    outer loop
      vertex -7.23715 -5.90715 0
      vertex -7.15058 -6.23024 12
      vertex -7.15058 -6.23024 0
    endloop
  endfacet
  facet normal -0.777151 -0.629314 0
    outer loop
      vertex -4.31498 -4.78543 0
      vertex -4.52548 -4.52548 12
      vertex -4.52548 -4.52548 0
    endloop
  endfacet
  facet normal -0.777151 -0.629314 0
    outer loop
      vertex -4.52548 -4.52548 12
      vertex -4.31498 -4.78543 0
      vertex -4.31498 -4.78543 12
    endloop
  endfacet
  facet normal 0.998629 0.0523486 0
    outer loop
      vertex -7.23715 -5.90715 12
      vertex -7.25466 -5.57312 0
      vertex -7.25466 -5.57312 12
    endloop
  endfacet
  facet normal 0.998629 0.0523486 0
    outer loop
      vertex -7.25466 -5.57312 0
      vertex -7.23715 -5.90715 12
      vertex -7.23715 -5.90715 0
    endloop
  endfacet
  facet normal 0.93357 -0.358396 0
    outer loop
      vertex -7.20234 -5.24274 12
      vertex -7.08246 -4.93047 0
      vertex -7.08246 -4.93047 12
    endloop
  endfacet
  facet normal 0.93357 -0.358396 0
    outer loop
      vertex -7.08246 -4.93047 0
      vertex -7.20234 -5.24274 12
      vertex -7.20234 -5.24274 0
    endloop
  endfacet
  facet normal -0.891011 -0.453981 0
    outer loop
      vertex -4.16313 -5.08346 0
      vertex -4.31498 -4.78543 12
      vertex -4.31498 -4.78543 0
    endloop
  endfacet
  facet normal -0.891011 -0.453981 0
    outer loop
      vertex -4.31498 -4.78543 12
      vertex -4.16313 -5.08346 0
      vertex -4.16313 -5.08346 12
    endloop
  endfacet
  facet normal 0.777124 0.629347 0
    outer loop
      vertex -6.78822 -6.78822 12
      vertex -6.99873 -6.52828 0
      vertex -6.99873 -6.52828 12
    endloop
  endfacet
  facet normal 0.777124 0.629347 0
    outer loop
      vertex -6.99873 -6.52828 0
      vertex -6.78822 -6.78822 12
      vertex -6.78822 -6.78822 0
    endloop
  endfacet
  facet normal 0.453969 0.891017 -0
    outer loop
      vertex -6.23024 -7.15058 0
      vertex -6.52828 -6.99873 12
      vertex -6.23024 -7.15058 12
    endloop
  endfacet
  facet normal 0.453969 0.891017 0
    outer loop
      vertex -6.52828 -6.99873 12
      vertex -6.23024 -7.15058 0
      vertex -6.52828 -6.99873 0
    endloop
  endfacet
  facet normal 0.891017 0.453969 0
    outer loop
      vertex -6.99873 -6.52828 12
      vertex -7.15058 -6.23024 0
      vertex -7.15058 -6.23024 12
    endloop
  endfacet
  facet normal 0.891017 0.453969 0
    outer loop
      vertex -7.15058 -6.23024 0
      vertex -6.99873 -6.52828 12
      vertex -6.99873 -6.52828 0
    endloop
  endfacet
  facet normal -0.258835 -0.965922 0
    outer loop
      vertex -5.40656 -4.07655 0
      vertex -5.08346 -4.16313 12
      vertex -5.40656 -4.07655 12
    endloop
  endfacet
  facet normal -0.258835 -0.965922 -0
    outer loop
      vertex -5.08346 -4.16313 12
      vertex -5.40656 -4.07655 0
      vertex -5.08346 -4.16313 0
    endloop
  endfacet
  facet normal -0.965922 -0.258835 0
    outer loop
      vertex -4.07655 -5.40656 0
      vertex -4.16313 -5.08346 12
      vertex -4.16313 -5.08346 0
    endloop
  endfacet
  facet normal -0.965922 -0.258835 0
    outer loop
      vertex -4.16313 -5.08346 12
      vertex -4.07655 -5.40656 0
      vertex -4.07655 -5.40656 12
    endloop
  endfacet
  facet normal -0.156414 0.987692 0
    outer loop
      vertex -5.24274 -7.20234 0
      vertex -5.57312 -7.25466 12
      vertex -5.24274 -7.20234 12
    endloop
  endfacet
  facet normal -0.156414 0.987692 0
    outer loop
      vertex -5.57312 -7.25466 12
      vertex -5.24274 -7.20234 0
      vertex -5.57312 -7.25466 0
    endloop
  endfacet
  facet normal -0.544622 0.838682 0
    outer loop
      vertex -4.64994 -6.90029 0
      vertex -4.93047 -7.08246 12
      vertex -4.64994 -6.90029 12
    endloop
  endfacet
  facet normal -0.544622 0.838682 0
    outer loop
      vertex -4.93047 -7.08246 12
      vertex -4.64994 -6.90029 0
      vertex -4.93047 -7.08246 0
    endloop
  endfacet
  facet normal -0.933583 0.35836 0
    outer loop
      vertex -4.23124 -6.38324 0
      vertex -4.11137 -6.07096 12
      vertex -4.11137 -6.07096 0
    endloop
  endfacet
  facet normal -0.933583 0.35836 0
    outer loop
      vertex -4.11137 -6.07096 12
      vertex -4.23124 -6.38324 0
      vertex -4.23124 -6.38324 12
    endloop
  endfacet
  facet normal -0.453981 -0.891011 0
    outer loop
      vertex -5.08346 -4.16313 0
      vertex -4.78543 -4.31498 12
      vertex -5.08346 -4.16313 12
    endloop
  endfacet
  facet normal -0.453981 -0.891011 -0
    outer loop
      vertex -4.78543 -4.31498 12
      vertex -5.08346 -4.16313 0
      vertex -4.78543 -4.31498 0
    endloop
  endfacet
  facet normal -0.629314 -0.777151 0
    outer loop
      vertex -4.78543 -4.31498 0
      vertex -4.52548 -4.52548 12
      vertex -4.78543 -4.31498 12
    endloop
  endfacet
  facet normal -0.629314 -0.777151 -0
    outer loop
      vertex -4.52548 -4.52548 12
      vertex -4.78543 -4.31498 0
      vertex -4.52548 -4.52548 0
    endloop
  endfacet
  facet normal -0.707107 0.707107 0
    outer loop
      vertex -4.64994 -6.90029 0
      vertex -4.41342 -6.66377 12
      vertex -4.41342 -6.66377 0
    endloop
  endfacet
  facet normal -0.707107 0.707107 0
    outer loop
      vertex -4.41342 -6.66377 12
      vertex -4.64994 -6.90029 0
      vertex -4.64994 -6.90029 12
    endloop
  endfacet
  facet normal 0.707107 -0.707107 0
    outer loop
      vertex -6.90029 -4.64994 12
      vertex -6.66377 -4.41342 0
      vertex -6.66377 -4.41342 12
    endloop
  endfacet
  facet normal 0.707107 -0.707107 0
    outer loop
      vertex -6.66377 -4.41342 0
      vertex -6.90029 -4.64994 12
      vertex -6.90029 -4.64994 0
    endloop
  endfacet
  facet normal 0.156419 -0.987691 0
    outer loop
      vertex -6.07096 -4.11137 0
      vertex -5.74059 -4.05905 12
      vertex -6.07096 -4.11137 12
    endloop
  endfacet
  facet normal 0.156419 -0.987691 0
    outer loop
      vertex -5.74059 -4.05905 12
      vertex -6.07096 -4.11137 0
      vertex -5.74059 -4.05905 0
    endloop
  endfacet
  facet normal 0.544643 -0.838668 0
    outer loop
      vertex -6.66377 -4.41342 0
      vertex -6.38324 -4.23124 12
      vertex -6.66377 -4.41342 12
    endloop
  endfacet
  facet normal 0.544643 -0.838668 0
    outer loop
      vertex -6.38324 -4.23124 12
      vertex -6.66377 -4.41342 0
      vertex -6.38324 -4.23124 0
    endloop
  endfacet
  facet normal 0.987692 -0.156414 0
    outer loop
      vertex -7.25466 -5.57312 12
      vertex -7.20234 -5.24274 0
      vertex -7.20234 -5.24274 12
    endloop
  endfacet
  facet normal 0.987692 -0.156414 0
    outer loop
      vertex -7.20234 -5.24274 0
      vertex -7.25466 -5.57312 12
      vertex -7.25466 -5.57312 0
    endloop
  endfacet
  facet normal 0.35836 -0.933583 0
    outer loop
      vertex -6.38324 -4.23124 0
      vertex -6.07096 -4.11137 12
      vertex -6.38324 -4.23124 12
    endloop
  endfacet
  facet normal 0.35836 -0.933583 0
    outer loop
      vertex -6.07096 -4.11137 12
      vertex -6.38324 -4.23124 0
      vertex -6.07096 -4.11137 0
    endloop
  endfacet
  facet normal 0.0523188 -0.99863 0
    outer loop
      vertex 5.40656 -4.07655 0
      vertex 5.74059 -4.05905 12
      vertex 5.40656 -4.07655 12
    endloop
  endfacet
  facet normal 0.0523188 -0.99863 0
    outer loop
      vertex 5.74059 -4.05905 12
      vertex 5.40656 -4.07655 0
      vertex 5.74059 -4.05905 0
    endloop
  endfacet
  facet normal -0.93357 -0.358396 0
    outer loop
      vertex 7.20234 -5.24274 0
      vertex 7.08246 -4.93047 12
      vertex 7.08246 -4.93047 0
    endloop
  endfacet
  facet normal -0.93357 -0.358396 0
    outer loop
      vertex 7.08246 -4.93047 12
      vertex 7.20234 -5.24274 0
      vertex 7.20234 -5.24274 12
    endloop
  endfacet
  facet normal -0.965927 0.258814 0
    outer loop
      vertex 7.15058 -6.23024 0
      vertex 7.23715 -5.90715 12
      vertex 7.23715 -5.90715 0
    endloop
  endfacet
  facet normal -0.965927 0.258814 0
    outer loop
      vertex 7.23715 -5.90715 12
      vertex 7.15058 -6.23024 0
      vertex 7.15058 -6.23024 12
    endloop
  endfacet
  facet normal -0.453969 0.891017 0
    outer loop
      vertex 6.52828 -6.99873 0
      vertex 6.23024 -7.15058 12
      vertex 6.52828 -6.99873 12
    endloop
  endfacet
  facet normal -0.453969 0.891017 0
    outer loop
      vertex 6.23024 -7.15058 12
      vertex 6.52828 -6.99873 0
      vertex 6.23024 -7.15058 0
    endloop
  endfacet
  facet normal -0.544643 -0.838668 0
    outer loop
      vertex 6.38324 -4.23124 0
      vertex 6.66377 -4.41342 12
      vertex 6.38324 -4.23124 12
    endloop
  endfacet
  facet normal -0.544643 -0.838668 -0
    outer loop
      vertex 6.66377 -4.41342 12
      vertex 6.38324 -4.23124 0
      vertex 6.66377 -4.41342 0
    endloop
  endfacet
  facet normal 0.99863 -0.0523188 0
    outer loop
      vertex 4.05905 -5.74059 12
      vertex 4.07655 -5.40656 0
      vertex 4.07655 -5.40656 12
    endloop
  endfacet
  facet normal 0.99863 -0.0523188 0
    outer loop
      vertex 4.07655 -5.40656 0
      vertex 4.05905 -5.74059 12
      vertex 4.05905 -5.74059 0
    endloop
  endfacet
  facet normal -0.838682 -0.544622 0
    outer loop
      vertex 7.08246 -4.93047 0
      vertex 6.90029 -4.64994 12
      vertex 6.90029 -4.64994 0
    endloop
  endfacet
  facet normal -0.838682 -0.544622 0
    outer loop
      vertex 6.90029 -4.64994 12
      vertex 7.08246 -4.93047 0
      vertex 7.08246 -4.93047 12
    endloop
  endfacet
  facet normal -0.777124 0.629347 0
    outer loop
      vertex 6.78822 -6.78822 0
      vertex 6.99873 -6.52828 12
      vertex 6.99873 -6.52828 0
    endloop
  endfacet
  facet normal -0.777124 0.629347 0
    outer loop
      vertex 6.99873 -6.52828 12
      vertex 6.78822 -6.78822 0
      vertex 6.78822 -6.78822 12
    endloop
  endfacet
  facet normal 0.544622 0.838682 -0
    outer loop
      vertex 4.93047 -7.08246 0
      vertex 4.64994 -6.90029 12
      vertex 4.93047 -7.08246 12
    endloop
  endfacet
  facet normal 0.544622 0.838682 0
    outer loop
      vertex 4.64994 -6.90029 12
      vertex 4.93047 -7.08246 0
      vertex 4.64994 -6.90029 0
    endloop
  endfacet
  facet normal -0.998629 0.0523486 0
    outer loop
      vertex 7.23715 -5.90715 0
      vertex 7.25466 -5.57312 12
      vertex 7.25466 -5.57312 0
    endloop
  endfacet
  facet normal -0.998629 0.0523486 0
    outer loop
      vertex 7.25466 -5.57312 12
      vertex 7.23715 -5.90715 0
      vertex 7.23715 -5.90715 12
    endloop
  endfacet
  facet normal -0.156419 -0.987691 0
    outer loop
      vertex 5.74059 -4.05905 0
      vertex 6.07096 -4.11137 12
      vertex 5.74059 -4.05905 12
    endloop
  endfacet
  facet normal -0.156419 -0.987691 -0
    outer loop
      vertex 6.07096 -4.11137 12
      vertex 5.74059 -4.05905 0
      vertex 6.07096 -4.11137 0
    endloop
  endfacet
  facet normal 0.156414 0.987692 -0
    outer loop
      vertex 5.57312 -7.25466 0
      vertex 5.24274 -7.20234 12
      vertex 5.57312 -7.25466 12
    endloop
  endfacet
  facet normal 0.156414 0.987692 0
    outer loop
      vertex 5.24274 -7.20234 12
      vertex 5.57312 -7.25466 0
      vertex 5.24274 -7.20234 0
    endloop
  endfacet
  facet normal -0.258814 0.965927 0
    outer loop
      vertex 6.23024 -7.15058 0
      vertex 5.90715 -7.23715 12
      vertex 6.23024 -7.15058 12
    endloop
  endfacet
  facet normal -0.258814 0.965927 0
    outer loop
      vertex 5.90715 -7.23715 12
      vertex 6.23024 -7.15058 0
      vertex 5.90715 -7.23715 0
    endloop
  endfacet
  facet normal 0.629314 -0.777151 0
    outer loop
      vertex 4.52548 -4.52548 0
      vertex 4.78543 -4.31498 12
      vertex 4.52548 -4.52548 12
    endloop
  endfacet
  facet normal 0.629314 -0.777151 0
    outer loop
      vertex 4.78543 -4.31498 12
      vertex 4.52548 -4.52548 0
      vertex 4.78543 -4.31498 0
    endloop
  endfacet
  facet normal -0.0523486 0.998629 0
    outer loop
      vertex 5.90715 -7.23715 0
      vertex 5.57312 -7.25466 12
      vertex 5.90715 -7.23715 12
    endloop
  endfacet
  facet normal -0.0523486 0.998629 0
    outer loop
      vertex 5.57312 -7.25466 12
      vertex 5.90715 -7.23715 0
      vertex 5.57312 -7.25466 0
    endloop
  endfacet
  facet normal 0.933583 0.35836 0
    outer loop
      vertex 4.23124 -6.38324 12
      vertex 4.11137 -6.07096 0
      vertex 4.11137 -6.07096 12
    endloop
  endfacet
  facet normal 0.933583 0.35836 0
    outer loop
      vertex 4.11137 -6.07096 0
      vertex 4.23124 -6.38324 12
      vertex 4.23124 -6.38324 0
    endloop
  endfacet
  facet normal 0.453981 -0.891011 0
    outer loop
      vertex 4.78543 -4.31498 0
      vertex 5.08346 -4.16313 12
      vertex 4.78543 -4.31498 12
    endloop
  endfacet
  facet normal 0.453981 -0.891011 0
    outer loop
      vertex 5.08346 -4.16313 12
      vertex 4.78543 -4.31498 0
      vertex 5.08346 -4.16313 0
    endloop
  endfacet
  facet normal -0.629347 0.777124 0
    outer loop
      vertex 6.78822 -6.78822 0
      vertex 6.52828 -6.99873 12
      vertex 6.78822 -6.78822 12
    endloop
  endfacet
  facet normal -0.629347 0.777124 0
    outer loop
      vertex 6.52828 -6.99873 12
      vertex 6.78822 -6.78822 0
      vertex 6.52828 -6.99873 0
    endloop
  endfacet
  facet normal -0.891017 0.453969 0
    outer loop
      vertex 6.99873 -6.52828 0
      vertex 7.15058 -6.23024 12
      vertex 7.15058 -6.23024 0
    endloop
  endfacet
  facet normal -0.891017 0.453969 0
    outer loop
      vertex 7.15058 -6.23024 12
      vertex 6.99873 -6.52828 0
      vertex 6.99873 -6.52828 12
    endloop
  endfacet
  facet normal 0.965922 -0.258835 0
    outer loop
      vertex 4.07655 -5.40656 12
      vertex 4.16313 -5.08346 0
      vertex 4.16313 -5.08346 12
    endloop
  endfacet
  facet normal 0.965922 -0.258835 0
    outer loop
      vertex 4.16313 -5.08346 0
      vertex 4.07655 -5.40656 12
      vertex 4.07655 -5.40656 0
    endloop
  endfacet
  facet normal 0.358396 0.93357 -0
    outer loop
      vertex 5.24274 -7.20234 0
      vertex 4.93047 -7.08246 12
      vertex 5.24274 -7.20234 12
    endloop
  endfacet
  facet normal 0.358396 0.93357 0
    outer loop
      vertex 4.93047 -7.08246 12
      vertex 5.24274 -7.20234 0
      vertex 4.93047 -7.08246 0
    endloop
  endfacet
  facet normal 0.258835 -0.965922 0
    outer loop
      vertex 5.08346 -4.16313 0
      vertex 5.40656 -4.07655 12
      vertex 5.08346 -4.16313 12
    endloop
  endfacet
  facet normal 0.258835 -0.965922 0
    outer loop
      vertex 5.40656 -4.07655 12
      vertex 5.08346 -4.16313 0
      vertex 5.40656 -4.07655 0
    endloop
  endfacet
  facet normal -0.987692 -0.156414 0
    outer loop
      vertex 7.25466 -5.57312 0
      vertex 7.20234 -5.24274 12
      vertex 7.20234 -5.24274 0
    endloop
  endfacet
  facet normal -0.987692 -0.156414 0
    outer loop
      vertex 7.20234 -5.24274 12
      vertex 7.25466 -5.57312 0
      vertex 7.25466 -5.57312 12
    endloop
  endfacet
  facet normal -0.35836 -0.933583 0
    outer loop
      vertex 6.07096 -4.11137 0
      vertex 6.38324 -4.23124 12
      vertex 6.07096 -4.11137 12
    endloop
  endfacet
  facet normal -0.35836 -0.933583 -0
    outer loop
      vertex 6.38324 -4.23124 12
      vertex 6.07096 -4.11137 0
      vertex 6.38324 -4.23124 0
    endloop
  endfacet
  facet normal 0.891011 -0.453981 0
    outer loop
      vertex 4.16313 -5.08346 12
      vertex 4.31498 -4.78543 0
      vertex 4.31498 -4.78543 12
    endloop
  endfacet
  facet normal 0.891011 -0.453981 0
    outer loop
      vertex 4.31498 -4.78543 0
      vertex 4.16313 -5.08346 12
      vertex 4.16313 -5.08346 0
    endloop
  endfacet
  facet normal 0.707107 0.707107 0
    outer loop
      vertex 4.64994 -6.90029 12
      vertex 4.41342 -6.66377 0
      vertex 4.41342 -6.66377 12
    endloop
  endfacet
  facet normal 0.707107 0.707107 0
    outer loop
      vertex 4.41342 -6.66377 0
      vertex 4.64994 -6.90029 12
      vertex 4.64994 -6.90029 0
    endloop
  endfacet
  facet normal -0.707107 -0.707107 0
    outer loop
      vertex 6.90029 -4.64994 0
      vertex 6.66377 -4.41342 12
      vertex 6.66377 -4.41342 0
    endloop
  endfacet
  facet normal -0.707107 -0.707107 0
    outer loop
      vertex 6.66377 -4.41342 12
      vertex 6.90029 -4.64994 0
      vertex 6.90029 -4.64994 12
    endloop
  endfacet
  facet normal 0.987691 0.156419 0
    outer loop
      vertex 4.11137 -6.07096 12
      vertex 4.05905 -5.74059 0
      vertex 4.05905 -5.74059 12
    endloop
  endfacet
  facet normal 0.987691 0.156419 0
    outer loop
      vertex 4.05905 -5.74059 0
      vertex 4.11137 -6.07096 12
      vertex 4.11137 -6.07096 0
    endloop
  endfacet
  facet normal 0.838668 0.544643 0
    outer loop
      vertex 4.41342 -6.66377 12
      vertex 4.23124 -6.38324 0
      vertex 4.23124 -6.38324 12
    endloop
  endfacet
  facet normal 0.838668 0.544643 0
    outer loop
      vertex 4.23124 -6.38324 0
      vertex 4.41342 -6.66377 12
      vertex 4.41342 -6.66377 0
    endloop
  endfacet
  facet normal 0.777151 -0.629314 0
    outer loop
      vertex 4.31498 -4.78543 12
      vertex 4.52548 -4.52548 0
      vertex 4.52548 -4.52548 12
    endloop
  endfacet
  facet normal 0.777151 -0.629314 0
    outer loop
      vertex 4.52548 -4.52548 0
      vertex 4.31498 -4.78543 12
      vertex 4.31498 -4.78543 0
    endloop
  endfacet
  facet normal -0.0523491 -0.998629 0
    outer loop
      vertex 0 2.39999 0
      vertex 0.250854 2.38684 12
      vertex 0 2.39999 12
    endloop
  endfacet
  facet normal -0.0523491 -0.998629 -0
    outer loop
      vertex 0.250854 2.38684 12
      vertex 0 2.39999 0
      vertex 0.250854 2.38684 0
    endloop
  endfacet
  facet normal -0.258806 0.965929 0
    outer loop
      vertex 0.699997 -2.29369 0
      vertex 0.498978 -2.34755 12
      vertex 0.699997 -2.29369 12
    endloop
  endfacet
  facet normal -0.258806 0.965929 0
    outer loop
      vertex 0.498978 -2.34755 12
      vertex 0.699997 -2.29369 0
      vertex 0.498978 -2.34755 0
    endloop
  endfacet
  facet normal 0.258806 -0.965929 0
    outer loop
      vertex -0.699997 2.29369 0
      vertex -0.498978 2.34755 12
      vertex -0.699997 2.29369 12
    endloop
  endfacet
  facet normal 0.258806 -0.965929 0
    outer loop
      vertex -0.498978 2.34755 12
      vertex -0.699997 2.29369 0
      vertex -0.498978 2.34755 0
    endloop
  endfacet
  facet normal -0.1564 0.987694 0
    outer loop
      vertex 0.498978 -2.34755 0
      vertex 0.250854 -2.38684 12
      vertex 0.498978 -2.34755 12
    endloop
  endfacet
  facet normal -0.1564 0.987694 0
    outer loop
      vertex 0.250854 -2.38684 12
      vertex 0.498978 -2.34755 0
      vertex 0.250854 -2.38684 0
    endloop
  endfacet
  facet normal 1 0 0
    outer loop
      vertex -0.699997 2.29369 12
      vertex -0.699997 1.6 6
      vertex -0.699997 2.29369 0
    endloop
  endfacet
  facet normal 1 0 0
    outer loop
      vertex -0.699997 2.29369 12
      vertex -0.699997 1.52169 6.49443
      vertex -0.699997 1.6 6
    endloop
  endfacet
  facet normal 1 0 0
    outer loop
      vertex -0.699997 2.29369 12
      vertex -0.699997 1.29443 6.94046
      vertex -0.699997 1.52169 6.49443
    endloop
  endfacet
  facet normal 1 0 0
    outer loop
      vertex -0.699997 2.29369 12
      vertex -0.699997 0.940456 7.29443
      vertex -0.699997 1.29443 6.94046
    endloop
  endfacet
  facet normal 1 0 0
    outer loop
      vertex -0.699997 2.29369 12
      vertex -0.699997 0.494427 7.52169
      vertex -0.699997 0.940456 7.29443
    endloop
  endfacet
  facet normal 1 0 0
    outer loop
      vertex -0.699997 2.29369 12
      vertex -0.699997 0 7.6
      vertex -0.699997 0.494427 7.52169
    endloop
  endfacet
  facet normal 1 -0 0
    outer loop
      vertex -0.699997 -2.29369 12
      vertex -0.699997 0 7.6
      vertex -0.699997 2.29369 12
    endloop
  endfacet
  facet normal 1 0 0
    outer loop
      vertex -0.699997 0 7.6
      vertex -0.699997 -2.29369 12
      vertex -0.699997 -0.494427 7.52169
    endloop
  endfacet
  facet normal 1 0 0
    outer loop
      vertex -0.699997 -0.494427 7.52169
      vertex -0.699997 -2.29369 12
      vertex -0.699997 -0.940456 7.29443
    endloop
  endfacet
  facet normal 1 0 0
    outer loop
      vertex -0.699997 -1.52169 6.49443
      vertex -0.699997 -2.29369 12
      vertex -0.699997 -1.6 6
    endloop
  endfacet
  facet normal 1 0 0
    outer loop
      vertex -0.699997 -1.29443 6.94046
      vertex -0.699997 -2.29369 12
      vertex -0.699997 -1.52169 6.49443
    endloop
  endfacet
  facet normal 1 0 0
    outer loop
      vertex -0.699997 -0.940456 7.29443
      vertex -0.699997 -2.29369 12
      vertex -0.699997 -1.29443 6.94046
    endloop
  endfacet
  facet normal 1 -0 0
    outer loop
      vertex -0.699997 1.52169 5.50557
      vertex -0.699997 2.29369 0
      vertex -0.699997 1.6 6
    endloop
  endfacet
  facet normal 1 -0 0
    outer loop
      vertex -0.699997 1.29443 5.05954
      vertex -0.699997 2.29369 0
      vertex -0.699997 1.52169 5.50557
    endloop
  endfacet
  facet normal 1 -0 0
    outer loop
      vertex -0.699997 0.940456 4.70557
      vertex -0.699997 2.29369 0
      vertex -0.699997 1.29443 5.05954
    endloop
  endfacet
  facet normal 1 -0 0
    outer loop
      vertex -0.699997 0.494427 4.47831
      vertex -0.699997 2.29369 0
      vertex -0.699997 0.940456 4.70557
    endloop
  endfacet
  facet normal 1 -0 0
    outer loop
      vertex -0.699997 0 4.4
      vertex -0.699997 2.29369 0
      vertex -0.699997 0.494427 4.47831
    endloop
  endfacet
  facet normal 1 0 0
    outer loop
      vertex -0.699997 -2.29369 0
      vertex -0.699997 0 4.4
      vertex -0.699997 -0.494427 4.47831
    endloop
  endfacet
  facet normal 1 0 0
    outer loop
      vertex -0.699997 -2.29369 0
      vertex -0.699997 -0.494427 4.47831
      vertex -0.699997 -0.940456 4.70557
    endloop
  endfacet
  facet normal 1 0 0
    outer loop
      vertex -0.699997 -2.29369 0
      vertex -0.699997 -0.940456 4.70557
      vertex -0.699997 -1.29443 5.05954
    endloop
  endfacet
  facet normal 1 0 0
    outer loop
      vertex -0.699997 0 4.4
      vertex -0.699997 -2.29369 0
      vertex -0.699997 2.29369 0
    endloop
  endfacet
  facet normal 1 0 0
    outer loop
      vertex -0.699997 -1.52169 5.50557
      vertex -0.699997 -2.29369 0
      vertex -0.699997 -1.29443 5.05954
    endloop
  endfacet
  facet normal 1 0 0
    outer loop
      vertex -0.699997 -1.6 6
      vertex -0.699997 -2.29369 0
      vertex -0.699997 -1.52169 5.50557
    endloop
  endfacet
  facet normal 1 0 0
    outer loop
      vertex -0.699997 -2.29369 0
      vertex -0.699997 -1.6 6
      vertex -0.699997 -2.29369 12
    endloop
  endfacet
  facet normal 0.0523491 -0.998629 0
    outer loop
      vertex -0.250854 2.38684 0
      vertex 0 2.39999 12
      vertex -0.250854 2.38684 12
    endloop
  endfacet
  facet normal 0.0523491 -0.998629 0
    outer loop
      vertex 0 2.39999 12
      vertex -0.250854 2.38684 0
      vertex 0 2.39999 0
    endloop
  endfacet
  facet normal 0.1564 0.987694 -0
    outer loop
      vertex -0.250854 -2.38684 0
      vertex -0.498978 -2.34755 12
      vertex -0.250854 -2.38684 12
    endloop
  endfacet
  facet normal 0.1564 0.987694 0
    outer loop
      vertex -0.498978 -2.34755 12
      vertex -0.250854 -2.38684 0
      vertex -0.498978 -2.34755 0
    endloop
  endfacet
  facet normal 0.258806 0.965929 -0
    outer loop
      vertex -0.498978 -2.34755 0
      vertex -0.699997 -2.29369 12
      vertex -0.498978 -2.34755 12
    endloop
  endfacet
  facet normal 0.258806 0.965929 0
    outer loop
      vertex -0.699997 -2.29369 12
      vertex -0.498978 -2.34755 0
      vertex -0.699997 -2.29369 0
    endloop
  endfacet
  facet normal 0.0523491 0.998629 -0
    outer loop
      vertex 0 -2.39999 0
      vertex -0.250854 -2.38684 12
      vertex 0 -2.39999 12
    endloop
  endfacet
  facet normal 0.0523491 0.998629 0
    outer loop
      vertex -0.250854 -2.38684 12
      vertex 0 -2.39999 0
      vertex -0.250854 -2.38684 0
    endloop
  endfacet
  facet normal -1 0 0
    outer loop
      vertex 0.699997 2.29369 0
      vertex 0.699997 1.6 6
      vertex 0.699997 2.29369 12
    endloop
  endfacet
  facet normal -1 0 0
    outer loop
      vertex 0.699997 2.29369 0
      vertex 0.699997 1.52169 5.50557
      vertex 0.699997 1.6 6
    endloop
  endfacet
  facet normal -1 0 0
    outer loop
      vertex 0.699997 2.29369 0
      vertex 0.699997 1.29443 5.05954
      vertex 0.699997 1.52169 5.50557
    endloop
  endfacet
  facet normal -1 0 0
    outer loop
      vertex 0.699997 2.29369 0
      vertex 0.699997 0.940456 4.70557
      vertex 0.699997 1.29443 5.05954
    endloop
  endfacet
  facet normal -1 0 0
    outer loop
      vertex 0.699997 2.29369 0
      vertex 0.699997 0.494427 4.47831
      vertex 0.699997 0.940456 4.70557
    endloop
  endfacet
  facet normal -1 0 0
    outer loop
      vertex 0.699997 2.29369 0
      vertex 0.699997 0 4.4
      vertex 0.699997 0.494427 4.47831
    endloop
  endfacet
  facet normal -1 0 0
    outer loop
      vertex 0.699997 -2.29369 0
      vertex 0.699997 0 4.4
      vertex 0.699997 2.29369 0
    endloop
  endfacet
  facet normal -1 -0 0
    outer loop
      vertex 0.699997 0 4.4
      vertex 0.699997 -2.29369 0
      vertex 0.699997 -0.494427 4.47831
    endloop
  endfacet
  facet normal -1 -0 0
    outer loop
      vertex 0.699997 -0.494427 4.47831
      vertex 0.699997 -2.29369 0
      vertex 0.699997 -0.940456 4.70557
    endloop
  endfacet
  facet normal -1 -0 0
    outer loop
      vertex 0.699997 -1.52169 5.50557
      vertex 0.699997 -2.29369 0
      vertex 0.699997 -1.6 6
    endloop
  endfacet
  facet normal -1 -0 0
    outer loop
      vertex 0.699997 -1.29443 5.05954
      vertex 0.699997 -2.29369 0
      vertex 0.699997 -1.52169 5.50557
    endloop
  endfacet
  facet normal -1 -0 0
    outer loop
      vertex 0.699997 -0.940456 4.70557
      vertex 0.699997 -2.29369 0
      vertex 0.699997 -1.29443 5.05954
    endloop
  endfacet
  facet normal -1 0 0
    outer loop
      vertex 0.699997 1.52169 6.49443
      vertex 0.699997 2.29369 12
      vertex 0.699997 1.6 6
    endloop
  endfacet
  facet normal -1 0 0
    outer loop
      vertex 0.699997 1.29443 6.94046
      vertex 0.699997 2.29369 12
      vertex 0.699997 1.52169 6.49443
    endloop
  endfacet
  facet normal -1 0 0
    outer loop
      vertex 0.699997 0.940456 7.29443
      vertex 0.699997 2.29369 12
      vertex 0.699997 1.29443 6.94046
    endloop
  endfacet
  facet normal -1 0 0
    outer loop
      vertex 0.699997 0.494427 7.52169
      vertex 0.699997 2.29369 12
      vertex 0.699997 0.940456 7.29443
    endloop
  endfacet
  facet normal -1 0 0
    outer loop
      vertex 0.699997 0 7.6
      vertex 0.699997 2.29369 12
      vertex 0.699997 0.494427 7.52169
    endloop
  endfacet
  facet normal -1 0 0
    outer loop
      vertex 0.699997 -2.29369 12
      vertex 0.699997 0 7.6
      vertex 0.699997 -0.494427 7.52169
    endloop
  endfacet
  facet normal -1 0 0
    outer loop
      vertex 0.699997 -2.29369 12
      vertex 0.699997 -0.494427 7.52169
      vertex 0.699997 -0.940456 7.29443
    endloop
  endfacet
  facet normal -1 0 0
    outer loop
      vertex 0.699997 -2.29369 12
      vertex 0.699997 -0.940456 7.29443
      vertex 0.699997 -1.29443 6.94046
    endloop
  endfacet
  facet normal -1 0 0
    outer loop
      vertex 0.699997 0 7.6
      vertex 0.699997 -2.29369 12
      vertex 0.699997 2.29369 12
    endloop
  endfacet
  facet normal -1 0 0
    outer loop
      vertex 0.699997 -1.52169 6.49443
      vertex 0.699997 -2.29369 12
      vertex 0.699997 -1.29443 6.94046
    endloop
  endfacet
  facet normal -1 0 0
    outer loop
      vertex 0.699997 -1.6 6
      vertex 0.699997 -2.29369 12
      vertex 0.699997 -1.52169 6.49443
    endloop
  endfacet
  facet normal -1 0 0
    outer loop
      vertex 0.699997 -2.29369 12
      vertex 0.699997 -1.6 6
      vertex 0.699997 -2.29369 0
    endloop
  endfacet
  facet normal -0.258806 -0.965929 0
    outer loop
      vertex 0.498978 2.34755 0
      vertex 0.699997 2.29369 12
      vertex 0.498978 2.34755 12
    endloop
  endfacet
  facet normal -0.258806 -0.965929 -0
    outer loop
      vertex 0.699997 2.29369 12
      vertex 0.498978 2.34755 0
      vertex 0.699997 2.29369 0
    endloop
  endfacet
  facet normal 0.1564 -0.987694 0
    outer loop
      vertex -0.498978 2.34755 0
      vertex -0.250854 2.38684 12
      vertex -0.498978 2.34755 12
    endloop
  endfacet
  facet normal 0.1564 -0.987694 0
    outer loop
      vertex -0.250854 2.38684 12
      vertex -0.498978 2.34755 0
      vertex -0.250854 2.38684 0
    endloop
  endfacet
  facet normal -0.0523491 0.998629 0
    outer loop
      vertex 0.250854 -2.38684 0
      vertex 0 -2.39999 12
      vertex 0.250854 -2.38684 12
    endloop
  endfacet
  facet normal -0.0523491 0.998629 0
    outer loop
      vertex 0 -2.39999 12
      vertex 0.250854 -2.38684 0
      vertex 0 -2.39999 0
    endloop
  endfacet
  facet normal -0.1564 -0.987694 0
    outer loop
      vertex 0.250854 2.38684 0
      vertex 0.498978 2.34755 12
      vertex 0.250854 2.38684 12
    endloop
  endfacet
  facet normal -0.1564 -0.987694 -0
    outer loop
      vertex 0.498978 2.34755 12
      vertex 0.250854 2.38684 0
      vertex 0.498978 2.34755 0
    endloop
  endfacet
endsolid OpenSCAD_Model
